name,city,bedroom,bathroom,parkingarea,surfacearea,buildingarea,price
Bonus Furnished - Rumah 2 Lantai Murah Terdekat Stasiun Kereta Api Di Depok,8,3,2,1,72,89,791000000
Rumah 2 Lantai Murah Nyaman Terdekat Stasiun Kereta di Depok,8,3,2,1,72,88,793000000
Rumah 2 Lantai Termurah Terdekat Stasiun Kereta di Pancoran Mas Depok,8,3,2,1,72,90,790000000
Rumah Mewah Strategis Pinggir Jalan Bebas Banjir,8,3,2,1,72,61,870000000
Rumah Dekat Tol Desari,8,3,2,1,64,65,690000000
"Rumah Hitung Tanah Gerlong Tonggoh , Gegerkalong Bandung",8,2,1,0,77,50,505000000
Perumahan depok murah cantik cinangka river view type 77 akses dekat ke tol,8,3,2,1,65,74,850000000
Rumah Nyaman Paling Strategis di Beji Kukusan Depok,0,2,1,1,36,50,180000000
Rumah murah minimalis dibandung anti riba,0,2,1,1,70,50,252000000
Rumah murah di Bandung lebar jln utama 8 meter,8,2,1,1,55,36,265000000
Cluster Mewah Harga Bersahabat ,0,2,1,1,50,36,327000000
Rumah Murah Mezanin di Bandung,0,2,1,0,50,36,226000000
rumah bagus  minimalis,0,2,1,0,60,40,261000000
hunian minimalis berkelas premium,0,2,1,0,50,30,186000000
Rumah mewah minimalis dengan suasana yang masih asri,0,3,2,0,84,50,350000000
Rumah Murah minimalis di Bandung,0,3,2,0,120,80,550000000
Rumah mewah terbaik dan strategjs,0,3,2,0,160,80,400000000
Hunian terbaik harga irit,0,3,2,1,120,80,500000000
Rumah aman nan nyaman lokasi strategis,8,2,1,1,66,45,330000000
Rumah impian keluarga terbaik di Bandung bebas banjir,2,3,2,1,75,108,900000000
Rumah Siap Huni Di Kota Depok,0,3,3,0,195,150,1800000000
Hunian aman dan nyaman di area Bintara jaya akses terdekat pondok kopi jakarta timur,2,2,2,2,60,60,900000000
"Rumah di Jl. Penguin Raya, Kotak 11x18, Jarang ada, Harga wajar",2,2,1,0,73,45,585000000
Rumah Jatiasih Emerald Terrace Free Biaya & Subsidi DP,0,2,1,1,108,80,430000000
Rumah murah Siap huni di Bekasi timur bebas banjir,3,3,3,1,76,87,800000000
Hunian termurah di Bandung,2,2,1,1,144,100,1350000000
"Jual Rumah Dekat Stasiun Bojong Gede, Cibinong City Mall, Pemda Bogor, Stadion Pakansari, RSUD Cibinong",0,3,2,1,80,120,500000000
RUMAH MURAH dengan jalan lebar Row 15 di Harapan Indah 2 Bekasi,0,3,2,1,108,80,300000000
Hunian Mewah modern elit harga irit di bandung,0,2,1,1,84,60,346000000
Hunian Elit Harga Terjangkau kualitas Terbaik,0,2,1,1,36,50,198000000
Hunian mewah dengan harga terjangkau,0,2,1,0,30,50,211000000
Rumah minimalis asri dan strategis,0,2,1,0,70,50,250000000
Rumah minimalis modern Harga irit di bandung,0,2,1,0,70,50,240000000
Rumah Minimalis Modern full spesifikasi,0,2,1,0,50,35,170000000
Rumah cantik asri dan minimalis,0,2,1,0,100,50,400000000
Rumah Cantik Dan Minimalis,0,2,1,0,70,50,300000000
Rumah cantik kualitas premium,3,2,1,0,84,48,729000000
Rumah murah dekat dengan  kawasan perbelanjaan,0,2,1,0,120,80,261000000
Rumah cantik,0,3,2,0,120,80,511000000
Rumah Rancamaya Bogor Golf,0,2,1,1,120,70,475000000
Rumah komersial siap huni dan siap bangun terbaik di sayap kota Bandung,6,2,1,0,72,50,315000000
"Rumah komersial inden free desain di sayap kota Bandung, minimalis moderen",0,2,1,0,50,36,181000000
Rumah mewah harga murah lokasi strategis bebas banjir,0,2,1,0,70,50,222000000
Rumah Mewah harga murah lokasi starategis Di sayap kopo katapang,0,2,1,0,72,50,260000000
rumah minimalis impian keluarga,0,3,2,0,120,80,450000000
hunian minimalis berkelas premium,0,2,1,0,36,50,226000000
rumah hunian minimalis dengan konsep modern,0,2,1,0,60,40,208000000
Rumah mewah impian keluarga 3 kt 2 km lebar jln utama 8 meter,0,2,1,0,50,36,172000000
Rumah mewah minimalis dengan suwasan masih asri,0,3,3,0,160,250,2500000000
Rumah minimalis bagus desain,0,3,1,1,87,120,600000000
Rumah syariah idaman keluarga,3,3,2,0,105,70,679000000
rumah idealis strategis (No Kpr),8,3,2,0,83,90,1030000000
Rumah Baru 2 Lantai Siap huni,8,2,1,0,65,40,400000000
DiJual Rumah Margahayu Raya Soekarno hatta,3,4,3,0,216,297,3030000000
Villa Bandung Kayu Unik View Cantik,0,3,2,0,120,80,465000000
"Rumah baru siap huni,bebas banjir,lokasi strategis &amp; Mutiara Cibinong",8,3,2,1,68,66,800000000
Rumah Murah Di Depok Dekat Toll DESARI,8,2,1,1,103,70,840000000
Rumah Murah Minimalis MUTIARA CITAYAM Dekat Stasiun Citayam,8,3,2,1,106,104,1650000000
Rosewood Golf Residence Summarecon Bogor,3,3,2,2,66,65,675000000
Rumah murah Bandung dekat toll,0,2,2,2,73,52,583000000
Rumah baru dalam cluster paling dekat menuju Margonda dan stasiun Depok,0,3,3,0,70,130,975000000
Rumah Bagus Cluster Vassa Residence Lippo Cikarang,8,2,1,0,90,45,650000000
SADEWA CLUSTER hunian eksklusif dengan kualitas bangunan yang kokoh dekat dengan 2 Tol utama,2,3,3,2,70,95,835000000
Rumah Mewah & Murah dekat dgn Toll,0,2,1,0,120,60,950000000
Murah Siap Nego Taman Laguna Cibubur LT 207 LB 250,8,2,1,0,55,36,280000000
"Rumah 2 lantai 600 jt saja!! DP Bisa 5 % ,",2,3,2,1,70,90,775000000
padasuka rumah 2 lt full furnish bandung dkt dago resort cikutra antapani gasibu,3,3,3,0,121,84,1550000000
Dijual Rumah Siap Huni Di Taman Kopo Indah Bandung,6,3,2,1,120,65,1350000000
Rumah Cluster Siap Huni Baru Jadi Sebelah Citra Grand Cibubur Akses Tol Langsung Cash/KPR @ The Address Cibubur,8,2,1,1,85,38,502000000
RUMAH PALM @ Summarecon Bekasi tipe 7 BASIC TERMURAH JALAN KAKI ke Swimming Pool CLUBHOUSE CASH/KPR,3,3,3,2,126,88,1540000000
Rumah American Style 2 Lantai di Pondok Gede Bekasi Kota,8,3,2,1,70,68,850000000
SEGERA MILIKI RUMAH DI KOMPLEK TERKENAL PHARMINDO - CIJERAH BANDUNG,8,2,1,0,36,55,270000000
"Hunian Cluster Strategis, Mewah Berkualitas, Legalitas Aman Dan Lengkap",0,4,2,0,184,94,1800000000
Townhouse 2 lantai Siap huni 775juta di Jatiasih 300m ke Jl raya wibawa Mutkti II,2,3,3,0,60,78,950000000
Kota Wisata Cibubur Cluster Mississippi Free DP Free KPR Free Kanopi,8,4,2,2,85,95,920000000
Rumah Mewah Pribadi Rasa Resort,8,2,1,1,88,40,580000000
Rumah Yang Pas Bagi Kaum Milenial,0,4,3,2,111,200,1750000000
*Rumah Exclusive di Kota Bogor Bernuansa Perbukitan*,8,3,3,1,85,110,1270000000
"Rumah 2 Lantai Dekat Jalan Raya GDC Depok, 5 Menit Alun-Alun, Akses Tol, Stasiun KRL",0,3,2,2,137,170,2300000000
"Promo Terbatas, Hunian Mewah Strategis Berkualitas,",0,2,1,0,60,40,200000000
Rumah Sejuk Scandinavia Cikutra akses dekat Gedung Sate Bandung,8,2,1,1,75,45,585000000
"Rumah Cluster Nyaman Di Tengah Kota Bekasi, Bekasi Barat! Nego Sampai Deal",3,2,2,1,84,96,1700000000
Rumah baru dengan 4 kamar tidur tanahnya luas dekat stasiun dan tol Depok,8,4,3,1,144,130,1590000000
Rumah baru minimalis luas banget dekat pintu tol Cijago termurah di sekitaran Cimanggis Depok,2,2,2,1,60,90,1200000000
Rumah Bandung Private Pool Strategis ,8,2,1,1,89,40,595000000
Rumah Nyaman Siap Huni Lokasi Pinggir Jalan Raya - 5 Menit Ke Tol Cijago dan Desari,8,2,2,1,40,46,481000000
Rumah NYAMAN Gaya Millenial Tengah Kota Bandung,8,2,1,0,62,36,395000000
rumah Minimalis siap huni dan nyaman di sayap bandung,8,3,2,1,65,54,678000000
Rumah minimalis akses pruis 2 mobil dekat GDC dan stasiun Depok,8,3,2,0,61,55,757000000
"Jual rumah di Bogor, Perumahan Elite dengan lokasi strategis - Nego sampai DEAL",8,3,2,0,102,56,925000000
Rumah Split Level SIAP HUNI dalam Perumahan Panorama Bukit Cinere Dekat Tol Andara Di CINERE Depok,3,3,3,2,144,159,1500000000
Cluster Maya Persada Regency,8,2,1,1,70,45,450000000
Kota Wisata Cibubur Cluster Mississippi Free DP Free KPR Free Kanopi,0,2,1,0,120,80,511000000
Rumah Gaya Bali Tanah Luas Hanya 10 Menit Ke Pintu Tol Cimanggis,0,2,1,0,108,75,164000000
Rumah 2 Lantai Tapos 15 menit ke Pintu Tol Cimanggis Depok,5,4,5,0,220,300,3700000000
Rumah Tapos Depok Eksklusif Dekat Tol Cimanggis,0,3,2,2,120,80,486000000
Rumah Skandinavia 2 Lantai Eksklusif dekat Pintu Tol Cimanggis,0,2,2,1,50,72,279000000
Rumah 2 Lantai dengan Rooftop Depok Eksklusif 10 menit ke Pintu Tol Cimanggis,0,2,2,0,72,50,280000000
Rumah Depok Cibubur 2 Lantai Gaya Bali Dekat Tol,0,2,2,0,72,50,252000000
Pinewood Residence Summarecon Bogor,8,2,2,2,68,51,745000000
Rapih dan Siap Nego Kota Wisata LT 300 LB 350 ,8,2,2,2,72,51,777000000
RUMAH PANCORAN MAS DEPOK MURAH,0,2,1,0,70,50,255000000
"Ruma siap huni dan siap bangun free desain di sayap kota Bandung ,100% konsep syariah",0,2,2,0,70,50,314000000
Rumah siap huni dan siap bangun minimalis moderen lokasi strategis di Bandung,3,3,2,0,72,80,900000000
Rumah Elysium Garden Elysium Residence Lippo Cikarang,0,2,1,0,60,40,250000000
Ini Kann Yang Anda Cari.. Hunian Keluarga Cerdas Komplek Budi Asri Pesantren Cibabat,0,4,2,2,128,100,1100000000
Rumah d perumahan dekat kota bandung berkonsep syariah lebar jalan 8 meter,8,3,2,1,103,68,1000000000
Rumah harga murah bisa langsung huni,2,2,1,0,60,25,160000000
RUMAH SIAP HUNI JALAN UTAMA LEBAR 8 METER,2,2,2,0,60,55,589000000
RUMAH 2 KAMAR TIDUR 2 KAMAR MANDI JLN UTAMA 8M JLN SAYAP 5M,8,3,2,2,83,75,885000000
"Hunian 2 Lantai Exclusive Gaya Bali ADA Kids Pool Lokasi Strategis 1,4 KM ke Gerbang Tol Cijago",8,2,1,1,60,40,290000000
Rumah Cluster modern gaya bali harga ekonomis ada fasilitas kidspool lokasi strategis di pinggir jalan raya pekapuran,8,2,1,1,50,36,270000000
Rumah mewah minimalis strategis dibandung,0,3,2,1,97,65,1470000000
Rumah MURAH!! desain Minimalis &amp; Siap huni Di Bandung Selatan Non KPR,2,2,1,1,66,36,337000000
Bogor nirwana residence Rumah mewah  harga terbaik cluster grand Victoria ,8,4,3,1,155,190,2900000000
Rumah Minimalis Siap huni dekat tol,3,1,2,1,36,64,305000000
(06AS) PROMO MENARIK! SUPER IRIT RUMAH MENAWAN DIKAWASAN TAMAN CIBADUYUT INDAH,0,3,2,0,100,50,350000000
CLUSTER PRIVATE EXCLUSIVE DEPOK,0,3,2,0,80,50,300000000
Tipe Ueno di Mustika Village Sukamulya Bekasi,0,2,1,0,45,30,150000000
Tipe Uptown Villa di Uptown Estate Bekasi,0,3,2,0,100,75,400000000
Cluster Brahmapuri di Podomoro Park Bandung Termurah,0,3,3,1,100,156,2550000000
"HOT DEAL! Bintang Residence Cibubur 50 Meter Jln Utama, 2 Lantai & Rooftop. Sudah All In.",3,4,4,0,162,164,2700000000
Rumah harga promo dikota depok,3,3,3,0,100,106,1500000000
"Hunian Berkualitas, Berkonsep Modern Mewah, Strategis, Legalitas Aman Dan Lengkap",3,2,1,1,98,32,605000000
TERMURAH Rumah Tanah Luas Strategis Dekat Gateway Pasteur Sukajadi dan SMA 13 Andir Bandung,3,2,1,1,60,30,430000000
Rumah di Setu Bekasi dengan Fasilitas Berkuda dan Memanah Dekat Rencana Pintu Tol Setu,0,2,1,0,87,60,950000000
Rumah Mewah Islami Strategis di Pondok Nurul Fikri,0,1,1,1,40,21,164000000
Rumah 305juta Rasa Villa di Ciampea Bogor  Akses Langsung Jalan Raya dilengkapi Musholla dan Minipool serta Playground ,0,3,2,0,120,80,480000000
rumah mewah dan minimalis di bandung,0,4,2,0,120,80,500000000
hunian mewah dan minimalis,8,4,4,2,120,180,2120000000
rumah minimalis kualitas premium harga terjangkau,8,3,3,0,128,170,2100000000
rumah syariah kota Bandung,0,3,2,0,128,120,1650000000
Murahh Siap Nego Raffles Hills LT 250 LB 350 Rapih,0,3,2,0,105,104,2000000000
Taman Laguna Cibubur LT 207 LB 250 Murah dan Siap Nego ,6,2,1,1,105,45,913000000
Rumah Ternyaman di Setraduta Bandung,0,3,2,1,105,90,1240000000
Perumahan Kota Wisata Cibubur Cluster Miami,2,3,2,0,100,300,1500000000
Rumah cantik murah,2,2,1,1,90,36,516000000
Jual Cepat Rumah Cantik di Town House Indraprasta,8,3,2,2,105,68,851000000
Rumah View Pegunungan Aurora Bukit Rancamaya Residence,2,2,2,2,60,51,900000000
Rumah Murah Minimalis Sentul Indah Residence,0,2,1,0,84,60,350000000
Rumah Bagus di Taman Kopo Indah 3,0,2,1,1,70,50,261000000
Rumah murah lokasi strategis di sayap kota bandung  ( cash only),0,3,2,0,120,75,261000000
rumah cantik minimalis modern idaman terbaru Dengan suasana asri,0,3,2,1,108,80,433000000
hunian terlaris di Bandung,8,2,2,1,40,72,400000000
[BARU] Rumah Mewah di Cluster Ekslusif 5 min Tol Sawangan &amp; Pamulang,2,3,2,1,65,72,895000000
Rumah Cantik yang Luas dekat Tol,2,2,2,0,60,48,900000000
HARGA GA BISA BOHONG RUMAH PALING CANTIK INI ADA DI PASTEUR BANDUNG,2,2,1,1,60,45,539000000
FREE FULL FURNISH KAPAN LAGI BISA DAPAT RUMAH SECANTIK INI DI GUNUNG BATU BANDUNG,0,3,1,0,102,72,980000000
Rumah Adem dan Nyaman di Flora Summarecon Bandung,8,2,1,1,55,36,100000000
"Rumah Adem Minimalis di Kolmas Regency , Cimahi Utara",0,4,2,1,172,100,1750000000
"Rumah Sejuk di Summarecon, Bandung Timur",0,2,1,0,49,70,550000000
Rumah mewah baru Batununggal Indah,3,4,3,2,60,69,730000000
Rumah Adem di Kolonel Masturi Cimahi,0,3,3,2,165,127,2570000000
"Perumahan Griya Bintara Indah Blok I No. 33, Bekasi Barat (dekat Tol Bintara)",3,2,1,2,72,38,658000000
Rumah Cantik Bagi Kaum Milenial,0,4,4,1,95,150,2750000000
Rumah Cantik 2 Lantai Depan Taman,0,2,1,1,72,32,350000000
Di Jatiasih Rumah Mewah 2 Lantai Fasilitas Lengkap,8,2,1,1,60,42,285000000
"Rumah Minimalis Terawat, 2 Kamar Tidur , Posisi Jalan Utama Dengan lebar jalan 6 Meter",0,2,1,1,90,48,825000000
Rumah Minimalis di Bandung Dengan Desain modren,0,2,1,1,50,36,150000000
"Hunian Aman , Nyaman Dan Bebas Banjir",3,2,1,0,60,40,450000000
Rumah Dijual Singgasana Dewata Prana,3,2,1,0,70,35,382000000
Rumah murah dibandung lebar jln utama 8 meter,8,2,1,2,84,45,625000000
RUMAH DEPOK 2 LANTAI DIBAWAH PASARAN,8,3,2,2,120,103,1280000000
Dijual rumah baru 2 lantai di pondok gede harga paling murah! Pasti Untung,8,3,2,2,256,80,1400000000
Di Jatiasih Hunian mewah 2 lantai fasilitas lengkap! Pasti Untung,0,4,4,0,200,250,2200000000
rumah berkualitas aman dan nyaman di Bandung,3,2,2,1,70,112,890000000
Rumah Mezzanine Design Exclusive  Di Jatimulya Bekasi Dekat Tol dan LRT Bekasi Timur,8,2,1,1,40,62,325000000
"Turun Harga! Rumah siap huni sudah renov, tinggal masuk di TKI 2 patung kuda",11,2,1,1,142,28,450000000
Rumah KPR pribadi / KPR Syariah,10,2,1,1,125,45,700000000
"Rumah Siap Huni Ancol Timur, Moh Ramdan, BKR Dekat Pasar Ancol jalan besar",8,3,2,1,60,90,990000000
"Rumah 2lt di sayap bkr , pasirluyu , kembar",8,3,2,2,60,80,1000000000
Rumah Di Bogor Dekat Stasiun Cilebut Bogor,8,2,1,1,60,40,280000000
Villa view pegunungan sejuk & strategis dekat tol bandung,3,3,3,1,120,150,1050000000
Rumah Di Cibinong Bogor Nuansa Jepang,2,3,3,2,83,100,1350000000
"Rumah BARU, MODERN dan MEWAH setra duta bandung, harga nego",2,4,2,1,94,145,750000000
Rumah Bagus Area Kopo Katapang,2,3,3,1,170,225,2000000000
Rumah murah di Citayam Depok dekat ke stasiun,3,2,1,0,85,30,200000000
Rumah Minimalis Modern 2 Lantai bebas Banjir & Akses Tol DESARI,3,2,1,1,60,30,168000000
JUAL RMH BAGUS TERAWAT SIAP HUNI CLUSTER LAMARGAS RESIDENCE,2,3,2,1,50,100,600000000
Rumah berkualitas harga standar fullspeek,8,3,2,2,80,71,1010000000
rumah siap huni strategis di Arcopolis Cibinong dekat stasiun Bojonggede dan pemda Cibinong,8,3,2,2,60,74,880000000
rumah cantik asri dan minimalis dekat stasiun Cilebut,8,3,2,2,63,61,1030000000
RUMAH MINIMALIS MODERN DEKAT PINTU TOL CIMANGGIS,8,2,1,1,105,55,800000000
Rumah Kavling Pertamina Cibubur,2,2,2,0,108,69,1690000000
Rumah luas dan apik 1 lantai komplek sawangan dekat de park mall,3,3,2,1,88,54,600000000
Rumah Bagus Cluster Taman Menteng Lippo Cikarang,0,2,1,0,36,60,155000000
Rumah Cluster Vassa Residence Lippo Cikarang,0,3,4,0,91,122,1430000000
Rumah Sayap Pasteur di Dekat setra duta dan Setiabudi Harga di bawah harga pasar di Bandung,2,4,3,1,135,150,1600000000
Rumah murah Lux area siap huni 15 menit ke pintutol jatiasaih,2,3,2,0,168,124,1750000000
Rumah Cluster mewah dekat jalan utama dan tol sawangan (cash) R.p,0,3,3,0,72,100,1170000000
Di jual rumah berlokasi di kebun kembang asri lokasi strategis,0,2,1,0,72,60,905000000
Jual rumah di pusat kota karawang ,0,2,1,1,45,70,175000000
Ready Stock Brand New Minimalis,2,4,2,1,160,160,1920000000
PROMO DP 0% Free Biaya MARGONDA ECOPARK - Premium Modern Living Concept In Margo City Area,0,3,1,0,120,90,1180000000
Rumah pinggir jalan harga promo dekat stasiun,8,2,1,1,66,45,350000000
rumah dicibubur,8,2,1,1,65,40,220000000
Rumah kavling dalam perumahan nyaman dan cantik di kodau jati mekar bekasi,3,3,2,0,126,102,1600000000
Rumah Baru Eksklusif Dago Master Piece,2,2,1,0,65,45,570000000
cepat rumah termurah siap huni di harapan indah Bekasi,2,2,1,0,65,40,375000000
Di  cepat rumah termurah di bulevar hijau harapan indah bekasi,0,3,3,0,145,175,3800000000
"Dijual Kontrakan 7 Pintu Kampung Ciketing, Mustika Jaya",8,2,2,0,72,60,450000000
"Rumah , hommy, Kokoh,Fullfurnish,nyaman di komp culdesac Cipaku Indah",8,3,3,1,62,100,950000000
Rumah baru minimalis lokasi bintara jaya bekasi barat akses caman pondok kelapa,8,3,2,2,80,60,1390000000
Dijual Rumah di Jl. Srikusumah,8,2,1,0,74,45,590000000
Rumah Bagus di Jl. Cigadung Selatan - Bandung,8,3,3,0,70,100,890000000
RUMAH MURAH BERKUALITAS DI TIMUR CIBUBUR,2,2,2,1,60,50,992000000
RUMAH SUBSIDI BERKUALITAS DI CILEUNGSI HARGA DIBAWAH 200 JT -AN,2,3,3,1,120,200,2500000000
Mini cluster bintara jaya harga termurah rumah lantai 2 akses terdekat caman pondok kelapa,2,3,2,0,112,150,990000000
Rumah baru konsep pembangunan inden lokasi dekat dengan Bintara jaya.cakung.jati asih.pondok kelapa.buaran.jakarta timur,2,4,3,0,160,280,3490000000
Cluster 2.5 lantai desain modern harga terjangkau lokasi 7 menit ke tol beji kukusan,2,3,2,0,119,15,1150000000
"Cluster 2 Lantai dengan Konsep Green Minimalis Elegan yang menyajikan Hunian Aman, Nyaman dan Sejuk di Kota Depok dengan AKSES TERBAIK dan HARGA TERJANGKAU",2,4,3,0,190,224,3100000000
Rumah 2 Lantai Lokasi SUPER STRATEGIS di Pusat Kota Depok Pinggir Jalan Margonda dengan Harga SUPER TERJANGKAU,2,4,3,0,209,150,1700000000
Rumah siap huni lingkungan nyaman fasilitas lengkap harga terjangkau lokasi dekat gdc depok,8,3,3,1,60,100,775000000
"Cluster Adara, Kota Harapan Indah",2,2,1,1,53,36,491000000
Rumah mewah 2 lantai free desain,2,3,2,1,55,62,609000000
Kost-Kostan 8 Kamar Full Furnished di Griya Bandung Asri,2,3,2,0,80,76,930000000
Cluster murah dekat tol kopo,2,2,1,1,60,40,500000000
Turun Harga Siap Huni 1M an 400 mtr Ke Carrefour Buah Batu Bandung,3,2,1,0,69,40,496000000
Rumah Siap Huni di Harapan Indah Bulevar Hijau Bekasi,0,4,3,1,127,160,2850000000
Rumah Nyaman di Jatibening,0,3,3,1,190,153,3220000000
Rumah Minimalis Strategis 1M an 400 mtr Ke Carrefour Kiaracondong Bandung,0,3,3,2,100,140,1380000000
Rumah Siap Huni Strategis 300 Meter Ke Carrefour Buah Batu Bandung,0,2,1,0,50,36,217000000
Rumah murah modern dekat kota bandung,0,3,2,0,74,110,670000000
Cepat Rumah Murah di Cluster Terdepan Harapan Indah Regency Bekasi,0,2,2,0,93,73,1100000000
Rumah Klasik Murah 1M an Samping Transmart Studio Mall Bandung,0,2,1,1,62,40,170000000
Rumah murah chas dan bertahap,0,3,4,2,120,202,2700000000
"Rumah Bagus Sangat Murah,  Masih Baru di Sawangan hanya seharga Mobil  Avanza",0,2,2,2,120,98,1790000000
Rumah Baru Bagus sekali view gunung udara bersih bebas polusi  MURAH .,8,2,1,1,87,80,630000000
"Rumah Murah Banget,  Nyaman Baru Renovasi , Siap Pakai di Harapan Indah Bekasi",0,2,1,1,72,32,399000000
Rumah Bagus Baru Renov cuma seharga Mobil Wuling Mau ? Ayo sebelum keduluan .,2,3,2,1,45,80,550000000
Jarang Ada!! Rumah Baru Lingkungan Nyaman Lokasi Singgasana Pradana,0,2,2,0,90,70,695000000
rumah di mutiara garden city,0,4,3,2,198,230,2600000000
Rumah dalam cluster di pinggir jalan raya kalimulya Depok,0,3,2,1,203,134,2900000000
"Rumah 2 Lantai Siap Huni, Tanah Baru Beiji, Kota Depok.",3,3,2,0,79,84,1050000000
"Cari Rumah di Depok Langsung Pintu Tol, Tinggal Di Kawasan Elit Golf Ke Jakarta Mudah",2,2,1,1,60,40,560000000
Cari Perumahan di Depok KPR Syariah Cicilan Flat ,0,3,2,0,75,140,1320000000
Cari Rumah di Depok Tanah dan Bangunan Luas 2 Lantai Akses Mudah Dekat Stasiun,0,4,3,1,225,200,2500000000
"Rumah Bebas Banjir, di Jatiasih Bekasi. Dekat Toll Jatiasih",2,3,3,2,66,88,1450000000
cepat rumah minimalis di perumahan springville residance  bekasi,0,3,3,2,97,140,2500000000
cepat rumah termurah di duta bumi harapan indah Bekasi,8,3,2,2,102,100,899000000
Rumah mewah cantik siap huni di perumahan taman sari persada jatibening,8,4,3,2,120,160,1950000000
Rumah 2 lantai termurah  di Florencia  cikarang,3,3,2,1,250,100,925000000
rumah hook siap huni di grand melati Jatiwarna pondok gede Bekasi,0,3,3,2,100,150,1750000000
rumah termurah siap huni di bulevar hijau harapan indah Bekasi,2,3,2,0,98,70,775000000
Rumah rapih hook Sentul city,2,3,4,2,91,130,1380000000
Rumah 4 unit akses dekat toll sawangan dan mal DTC,2,3,2,1,60,22,850000000
Super murah nih dijatiasih cuma 400jt an dijamin bebas banjir,2,3,2,0,96,128,1350000000
Hunian mewah 2lantai ready stok dijatiasih harga terjangkau lokasi super strategis,0,3,3,0,190,180,2100000000
Cluster mewah dan istimewa full bata merah dekat ke toll jatibening,0,3,2,0,165,110,1750000000
Siap Huni Smart Home Mewah,0,3,3,0,117,220,2300000000
BEST DEAL!!!RUMAH di CIGADUNG RAYA dekat dengan Kawasan Cafe DAGO,0,2,2,0,148,98,1300000000
Rumah Dijual Murah Segera Daerah Cinere,0,3,2,0,111,107,2000000000
"Sentul city,bogor",0,3,2,1,180,150,2500000000
Rumah Nyaman Termurah Hitung Hanya Harga Tanah Segalaxy,0,3,2,0,90,65,850000000
Rumah Murah Free Biaya Dekat Tol Jagorawi,2,2,1,0,62,27,180000000
Rumah Modern Baru Di Setra duta di Pasteur Bandung,8,2,2,0,40,46,481000000
Rumah Nyaman di Kawasan Strategis Kota Bandung,8,3,2,2,120,80,1580000000
"Rumah Bergaya Scandinavian Siap Huni Dekat Tol Buahbatu, Free Canopy dan Kitchen Set",0,4,4,1,146,200,2800000000
"Rumah Cantik, Luas, Asri, Full Furnished di Sayap Jl.Purwakarta, Antapani",0,3,2,1,102,85,750000000
Rumah murah akses mudah..,0,4,2,1,160,120,1550000000
Rumah murah akses mudah.,0,2,1,0,45,30,327000000
Rumah tengah kota murah,3,4,6,0,247,247,1400000000
cepat rumah di komplek my home,2,3,3,0,77,139,870000000
Rumah mewah cantik di singgasana pradana,0,4,3,2,126,180,2350000000
Dijual Rumah di Komplek Turangga Bandung cocok untuk investasi,0,3,2,0,140,168,1350000000
Rumah Minimalis Lokasi Startegis Bebas Banjir Harga Terjangkau di Kabupaten Bandung,8,2,1,0,45,30,160000000
"Rumah FULL FURNISHED Lokasi Tengah Kota Cuyyy! Nego Sabi Banget! - Kembar Mas, Regol",8,3,2,1,115,100,1900000000
Rumah asri nyaman dengan view gunung jawa baratlokasi strategis dekat tempat wisata di bandung,0,4,2,0,120,70,400000000
DI JUAL RUMAH SIAP HUNI.,0,4,2,0,108,80,400000000
Rumah Nyaman Lingkungan Asri di Kopo Katapang,2,3,2,2,91,130,995000000
Rumah minimalis swimming pool sentul city,2,3,2,0,92,82,700000000
Rumah siap huni view gunung pancar,8,3,2,1,120,80,650000000
rumah dua lantai lokasi bintara jaya akses terdekat pondok kelapa caman kalimalang jakarta timur,3,2,1,0,150,50,700000000
Cluster konsep rumah minimalis di bintara jaya harga termurah lantai 2 lokasi startegis,0,3,3,0,200,200,3000000000
Rumah murah dengan konsep pembangunan indent lokasi strategis angsuran mulai 4jt,8,3,3,0,124,178,2000000000
"Rumah bagus halaman luas, Cihanjuang, Cimahi",0,3,2,0,132,96,750000000
"Rumah Murah dan Nyaman, Taman Cibaduyut Indah, TCI, Bandung Selatan",8,2,1,0,60,45,465000000
Rumah Cantik Asri Hadap Timur Lebar muka 11 meter Harga dibawah 3 Milyar di Tatar Wangsakerta KBP Bandung,2,4,3,0,153,200,1600000000
Rumah Cantik Asri Luas 200 mtr Hadap Timur di Singgasana Pradana Bandung,8,3,3,1,145,240,1650000000
"Turun Harga, Rumah Baru Dalam Cluster di Tengah Kota Bogor ,  Jl. Dadali ,  Hanya 1,05 M",2,4,3,2,162,180,2850000000
"Selangkah Puri Gading, Bebas Banjir, Akses 2 Mobil di Cluster Jatiasih",3,3,3,1,79,80,788000000
Rumah Baru Minimalis Taman Holis Indah 1,2,2,2,1,48,53,675000000
Di Jual Rumah Cantik Buana Mekar Buah Batu Kamar Tidur 4+1,0,2,1,2,50,36,165000000
Rumah tepi Danau Z Living Grand Wisata Bekasi,2,2,1,0,29,60,168000000
Rumah Baru Setraduta Grande Axia,2,2,1,1,60,36,350000000
Rumah Siap Huni 5 Kamar di Kopo Permai Bandung,3,2,1,1,60,45,395000000
Rumah Baru SIAP HUNI ala scandinavian harga terjangkau hanya 5 menit ke gerbang tol juanda,2,4,4,1,216,220,2400000000
Rumah Baru Modern Style Dalam Komplek Rapi Dan Strategis Di Cinere,2,4,4,2,120,200,1850000000
Rumah Vbi 2 Hoek Tanah Luas,0,4,3,0,245,200,3500000000
Unit terakhir Rumah Minimalis di komplek Batu Indah dekat Batununggal,8,3,3,0,112,120,1500000000
Rumah Deltamas Cikarang Cluster Calgary Luas 98 Rp. 775 Jt 3 KT 2 KM Siap Huni,8,2,1,0,30,28,135000000
Rumah Siap Huni Hanya 9 Menit ke Tol Jati Warna di Cibubur,7,2,1,0,90,48,550000000
"Rumah mewah, nyaman, asri di kabupaten bekasi",7,2,1,0,84,48,550000000
Rumah Bagus Siap Huni Di Sukaluyu Dekat Gedung Sate,7,3,2,0,115,82,900000000
MENAWAN BGT! RUMAH TJAKEP CALON MILIK KAMU NIH DI KOTA BARU PARAHYANGAN BANDUNG,9,3,2,0,85,78,750000000
Dijaul cepat rumah minimalis siap huni di sakura regency Jatiasih Bekasi selatan,7,2,1,0,80,48,550000000
Rumah  Bagus Lokasi Stategis Berada Di Cluster Florencia -  Lippo Cikarang,3,3,2,1,90,150,1100000000
Rumah Modern di THI 2,0,2,1,1,100,45,650000000
Ruman Cantik Minimalis 100% Baru,0,3,3,2,124,139,1800000000
Rumah Lux Minimalis Funished View Bagus,0,3,2,2,93,140,1020000000
Rumah siap huni dekat akses Tol Pasteur Bandung,0,3,3,0,190,153,3060000000
Rumah Siap Huni Minimalis di Batununggal,0,3,1,1,184,150,2400000000
Rumah Cantik Modern di Batununggal Mulia,0,2,1,1,97,60,835000000
"Rumah Exclusive Dekat Tol Pasteur Bandung utara , Kota Bandung",0,2,1,1,126,80,1450000000
Rumah murah cantik lokasi strategis bekasi,3,2,1,1,67,36,395000000
Rumah Cantik 2 lntai lokasi strategis di Depok,0,3,2,0,98,90,1500000000
Di  rumah design milenial konsep modern tropis di selatan jakarta bebas banjir,0,2,1,0,120,80,500000000
Rumah Baru Siap Huni 5 Kamar Tidur Turangga,0,3,2,0,120,90,525000000
Rumah Bagus Siap Huni Taman Cibaduyut Indah ,0,4,4,0,154,185,2900000000
Rumah Murah asri dan adem di Pasirlayung Padasuka Bandung,0,3,2,1,185,100,2100000000
Rumah Murah di Jati Indah Turangga Buah batu Harga Nego,2,4,2,0,94,120,750000000
RUMAH STANDAR MURAH di Bandung,8,2,1,1,60,40,300000000
Rumah Bagus Cocok Untuk Kost Strategis di Gunung Batu Kota Bogor,0,3,3,1,220,180,1690000000
Rumah Asri Siap Huni Dekat Jalan Raya Ciomas ,3,3,2,1,66,60,899000000
Dijual Rumah Dago Pojok ,2,4,4,0,216,200,2850000000
Rumah lama Terawat Di Sukaluyu,8,2,1,0,78,36,660000000
Rumah murah sekali,3,2,1,0,84,36,390000000
Cepat Murah Rumah 2 Lantai Kokoh Terawat Apik Rapi Siap Huni Dalam Perumahan Besar di Harapan Baru Bekasi Barat,3,2,1,0,107,36,440000000
Rumah baru turangga,8,3,4,2,100,130,1700000000
Rumah besar kembar,0,2,1,0,50,30,173000000
RUMAH BAGUS BOJONGSOANG,8,3,2,1,205,150,1700000000
Akses motor wilayah masih asri hunian murah di citayam,8,2,1,1,105,75,1050000000
Rumah Suasana Nyaman dan Aman Harga Menarik di Cinere,6,4,2,1,97,196,845000000
"Rumah di dalam komplek berada di lingkungan nyaman dan asri lokasi strategis di Kelapa dua, Depok",2,2,1,1,60,38,355000000
Hunian Strategis Murah Bebas Banjir,8,2,1,1,68,40,575000000
Hunian Murah Strategis Dan Bebas Banjir,3,3,3,1,90,160,950000000
RUMAH MURAH DENGAN POOL 5 KAMAR DALAM TOWNHOUSE DEKAT TOL JATIWARNA DI KODAU JATIMEKAR,2,2,2,1,144,90,1350000000
RUMAH DI CLUSTER MEWAH DI BEKASI SIAP HUNI,8,2,1,1,51,36,315000000
Rumah cantik siap huni termurah di sawangan,8,2,1,0,38,32,180000000
"Sakura Regency 2 LT 348 LB 200, DIPASARKAN CEPAT &amp; NEGO SAMPAI DEAL !",0,3,2,0,77,110,1500000000
Dijual Rumah Harvest City,0,3,3,1,100,120,1750000000
Rumah Bagus Resort Dago Pakar,8,3,2,1,101,150,2300000000
Rumah Modern Minimalist Siap huni seperti baru Cluster Cinere Best Price,3,3,2,0,112,200,495000000
Jual Rumah di Pusat Kota (Pagarsih),3,3,2,2,101,54,398000000
Rumah cluster muslim termurah 10 menit ke Tol Sawangan Depok,8,3,2,2,90,100,1000000000
RUMAH BAGUS CLUSTER HOOK NYAMAN LT.209 TDK BANJIR STRATEGIS DEKAT TOL JATIWARNA DI PONDOK MELATI BEKASI,8,2,1,0,72,45,660000000
Rumah Cluster Bagus Strategis dkt Tol Bintara Bekasi Barat,2,4,3,2,210,108,1700000000
"Rumah Second Siap Huni Dalam Perumahan, Strategis di Kemang - Depok",0,4,3,1,130,195,3100000000
Rumah 2 Lantai Cluster Maple Summarecon Bekasi,2,2,1,1,60,32,345000000
Rumah Cantik Dua Lantai Dekat Pemda Bogor,2,2,2,1,83,100,1350000000
"Rumah baru 2 lantai, cantik dan strategis dekat tol Cikunir, Jawabarat",0,4,3,1,152,150,2490000000
Rumah 2 Lantai Tanah Luas Row Jalan Lebar,2,2,2,1,90,60,850000000
Rumah Dijual di Ambrosia Lippo Cikarang,0,3,2,1,210,80,1200000000
Rumah Pinggir Jalan dlalui angkutan umum cocok untuk investasi dan huni,8,2,1,0,60,36,200000000
Rumah Subsidi Siap Huni nyaman di Setu Cibening Bekasi,0,3,2,1,62,62,987000000
Rumah Secondary Hanya 350jt Di Bojong Sari Jatiasih Bekasi ,0,2,2,1,60,47,600000000
Rumah Modern Minimalis,0,4,3,2,135,189,3570000000
Hunian Asri 4Kt Lingkungan Elit Dekat Tol Bekasi Barat Di Pekayon Bekasi,0,3,3,2,76,225,2620000000
Rumah Modern Design Mewah lokasi strategis di Galaxy Bekasi ,3,4,2,1,70,82,570000000
rumah hoek dekat pintu masuk cluster,0,2,1,1,80,51,650000000
Rumah  2 Lantai Baru Renovasi di Raffles Hills Cibubur,3,2,1,0,60,27,189000000
Rumah mungil Mini Cluster  Muraaah Di Pasir Putih Depok,0,3,3,2,157,180,3200000000
"Type 48 Greenland Kalijaga, Sistem One Gateway. Dekat Dengan Pusat Kota Cirebon",0,3,3,2,156,200,2000000000
Greenland Sendang Rumah Harga Terjangkau Investasi Terbaik Di Cirebon,0,2,1,0,112,42,740000000
"Rumah Mewah Kedawung Regency 2 lantai Harga Terjangkau Diskon Terbatas, Cirebon",0,3,2,1,90,70,626000000
Rumah Mewah Modern Minimalis Investasi Terbaik Anda Sekarang di Cirebon,0,3,2,0,176,77,1590000000
Siap Huni Harga Terjangkau Rumah Mewah Greenland Sendang,2,2,1,1,75,45,525000000
Rumah Minimalis 5 Menit Aeon Mall Sentul City Bogor,0,3,1,1,80,48,418000000
Rumah Murah Minimalis Permata cisaranteun Arcamanik Bandung,3,4,4,2,112,128,1970000000
Turun Harga Rumah Minimalis Cluster Florence Kalijati Indah Antapani Bandung,3,4,4,2,121,100,2000000000
Turun Harga Rumah Murah Arcamanik Bandung,2,2,2,1,55,55,1080000000
Rumah Baru Lux Minimalis  Elsa di Summarecon Bandung,0,3,3,0,60,120,795000000
Jarang Ada! Rumah Lama Terawat di Sayap Lodaya - Cocok Untuk Dijadikan Kost2 an,0,3,3,0,71,125,975000000
Cepat Rumah di Komplek Pesona Pasteur Harga Dibawah Pasar & Masih Nego,0,3,1,1,112,103,1750000000
Cepat Rumah Minimalis di Kota Baru Parahyangan - Tatar Purba,0,3,2,1,60,100,810000000
TOWN HOUSE - THE CASCADE,3,4,4,1,110,150,2000000000
"Rumah Cluster Murah Dekat Stasiun Citayem Laris Manis,Sejuk ,Asri,Tanpa DP 0 % Stock Terbatas",8,2,1,0,45,30,155000000
Rumah Siap Huni di Sariwangi Asri,8,2,1,0,60,36,220000000
Rumah murah di Ciumbuleuit,8,2,1,1,60,36,225000000
Rumah minimalis syariah (non KPR),3,3,2,1,120,80,800000000
rumah minimalis syariah (CASH ONLY),3,3,2,1,105,88,690000000
LANGKA& Murah ! Rumah 2 Lantai di Taman Anggrek dekat festifal citylink Sayap Peta strategis tengah kota!,2,3,2,0,60,60,695000000
LUAS 182 M2 RUMAH SIAP HUNI DI CICAHEUM DKT MAINROAD JL. RAYA A.H.NASUTION,8,2,2,2,97,45,800000000
Rumah murah bisa untuk kost-an di damar setiabudi,2,2,1,1,75,75,695000000
Murah !! rumah bagus di setraduta cemara,2,3,2,1,84,80,600000000
"Banting harga! Rumah 2 lantai Siap Huni di area depan di  Harapan Indah 1, Bekasi",2,4,2,1,176,200,1250000000
Rumah harga promo di depok dekat gerbang tol,8,3,2,0,138,140,2049999999
"Rumah MURAH Arcamanik, Siap Huni! Dkt Griya, Lokasi Juara",0,4,2,2,169,200,1800000000
RUMAH MURAH 2 LANTAI SIAP HUNI DI CIBINONG DEKAT PAKANSARI,3,3,2,0,120,88,1500000000
Rumah hook type premium di blue bell Summarecon y,2,3,1,1,200,80,520000000
GDC Depok,0,2,2,0,60,90,465000000
GDC Tajur Halang,8,2,1,1,104,45,495000000
GDC Tajur Halang,3,2,1,1,60,30,398000000
Metland non Cluster,8,2,1,1,50,36,195000000
Rumah modern lokasi strategis komplek cinere dekat pintu tol,0,3,1,0,147,130,1700000000
Rumah hunian,0,3,1,1,77,106,800000000
Rumah lama terawat dalam komplek cinere dekat tol krukut,2,2,2,1,90,60,900000000
Rumah cantik dan murah dalam komplek cinere dekat tol.krukut,2,3,3,1,120,150,1370000000
Coba Hitung Dehh.. Ini Worth It Banget !! Puri Cipageran Indah 1 dekat pasar lapangan Cimahi Utara,8,4,3,2,112,120,1860000000
Rumah Berlian Lokasi Strategis Belakang Harapan Indah,3,2,1,0,36,60,400000000
"HOT Banget !! Cengli Sih Harganya, Boleh Nego Jauh Bumi Citeureup Permai Cimahi Utara Ciawitali",0,4,2,0,100,180,800000000
Rumah minimalis Deket kuliner renijaya paling murah,0,2,1,0,75,55,350000000
Rumah Dlm Cluster Asri Nyaman & Aman Udara Sejuk Di Sentul Bogor,0,3,1,0,100,60,380000000
cepat rumah termurah 2 lantai di cluster samata harapan indah Bekasi,0,3,1,0,120,70,335000000
Rumah mewah terlaris disawangan tahap 5,0,2,2,0,110,60,380000000
Rumah Bagus Minimalis di Setra Indah Bandung,0,3,2,0,120,94,1870000000
Premium Rumah Sejuk dan Asri view pegunungan kota Bandung,0,2,2,0,42,84,390000000
Rumah cantik siap huni dalam cluster kota wisata,2,2,2,2,109,80,1600000000
"Rumah readi siap huni,mewah dan berkwalitas",2,3,2,1,132,65,875000000
Rumah Bagus Minimalis di Istana regency Bandung,2,4,4,0,144,157,2200000000
RUMAH ASRI SIAP HUNI DI GEGER KALONG BANDUNG - UTARA,2,2,1,0,112,125,1170000000
Dijual Rumah Mewah Jl. Cigadung Bandung,2,4,4,0,126,112,1750000000
Turun Harga!  Cepat! Rumah Lux Siap Huni Setra duta,3,2,1,1,66,40,390000000
Rumah Brand New Modern Classic Style Dalam Komplek Asri Di Cinere,0,3,2,1,156,100,1800000000
Rumah murah bagus tanah luas 588m2 kadugede kuningan jawa barat,8,3,1,0,60,90,990000000
Turun Harga!! Rumah bojong kulur tempat strategis  dekat Labschool.kaizen,8,2,1,0,60,45,285000000
GDC Tajur Halang,0,2,1,0,64,40,450000000
GDC Depok,0,3,3,2,85,75,907000000
TOWNHOUSE 2 LANTAI ASRI SEJUK DAN STRATEGIS,0,3,3,2,124,140,1800000000
Rumah Bagus Siap Huni di Griya Hijau Depok,3,4,3,1,250,185,1350000000
Rumah cluster Mesa Grande  DP 0% akses Grand Depok City 10 menit stasiun Depok,8,3,3,2,82,80,999000000
"Rumah Jatibening Dua, strategis dan sangat terawat, 6 kamar tidur",8,3,2,2,65,60,649000000
Rumah Lux Plus Furnish di Sekelimus Buah batu Soekarno Hatta,3,3,2,0,84,47,737000000
Rumah Siap Huni Tanah Luas Murah (Harga BU) di Kemang Pratama 2,0,3,3,1,216,120,2800000000
Dijual Murah Rumah di pinggir Jalan Cinere Raya Bisa untuk Usaha,0,3,3,2,162,200,2200000000
rumah siap huni plus kosan di cibeunying permai cigadung bandung,8,3,3,2,87,77,1040000000
SUPER LANGKA!! Rumah Cantik Minimalis 2 Unit di Mekar wangi,0,3,2,1,130,83,1800000000
Rumah Model Minimalis 1 Lantai Bebas Banjir Free Biaya-biaya ,6,2,2,1,70,55,525000000
Rumah 2 Lantai Paling Murah dekat pintu Tol Jati Asih,8,3,2,2,66,73,1040000000
Rumah Islami Dago Dekat Kampus ITB Bandung,3,2,1,1,72,54,550000000
cepat rumah termurah minimalis di Kemang Pratama bekasi,8,3,2,2,58,70,825000000
Cepat Rumah Murah komplek Taruna Ujungberung,0,3,2,2,149,250,2400000000
Rumah Bagus Dalam Komplek Di Cinere Depok,2,2,1,1,84,45,626000000
RUMAH  BARU SIAP HUNI DI CITAYAM MURAH MEWAH!,0,2,2,1,125,110,1200000000
Rumah Taman Kopo Indah 3 Full Renov,2,2,1,1,60,36,340000000
HUNIAN MEWAH DEKAT PUSAT KOTA 2 LANTAI 2 KAMAR TIDUR ,0,4,3,0,150,130,1590000000
RUMAH MEWAH 2 LANTAI 2 KAMAR TIDUR DI KATAPANG,0,2,1,1,87,65,745000000
Rumah Baru Casa Grande Setraduta 18,8,3,3,2,84,115,1350000000
Rumah Baru Casa Victoria Setraduta,8,3,2,1,80,110,945000000
"Rumah Desain Kekinian Berlokasi Strategis dengan 4 Kamar Tidur dan 2 Kamar Mandi di Bogor Kota, Cicilan Cuma 4 Juta an",8,3,1,1,70,52,600000000
Rumah lux citra green dago best price,8,3,1,1,70,52,690000000
Rumah minimalis ciwastra dengan smart lock system,8,3,1,1,60,52,690000000
Rumah Over Murah Cileungsi,6,3,3,1,126,141,1800000000
Rumah Minimalis di Babakan Jeruk,10,3,2,1,227,98,3100000000
Cepat Rumah Murah Arcamanik,0,3,2,0,65,50,739000000
RUMAH MURAH BANGET,0,3,1,0,72,36,598000000
"Rumah Baru Nuansa Villa, View Cantik Udara Sejuk Segar Berkabut",0,3,2,1,60,50,435000000
Rumah Baru Nuansa Villa di Cilame dekat Kota Baru Parahyangan,3,3,2,1,229,98,1450000000
"Rumah Baru! Mewah dan Strategis di Kotamadya Bandung, One Gate System",3,2,1,1,80,45,400000000
Rumah Grand Ujung Harapan Tipe 45,6,3,2,1,57,60,444000000
Rumah Nyaman dekat Podomoro Park Buah Batu,0,3,2,1,65,50,385000000
Rumah Cluster Pemium Miami Kota Wisata Bogor,0,4,3,0,152,200,2600000000
"Rumah Cluster Nashville Kota Wisata Cibubur Lebar 8 meter, Kota Wisata Cibubur, Bogor, Jawa Barat",0,3,2,1,84,60,475000000
Magenta Residence Rumah Modern Tropical di Summarecon Bekasi,0,3,1,1,78,48,418000000
Rumah Cantik Murah Bandung Kulon,3,2,1,1,60,40,400000000
Rumah Baru Minimalis TKI 1 Super Langka,0,2,2,2,60,60,659000000
Rumah Cantik Lokasi Depan harga dibawah 2 Milyar di kompleks Mekar Wangi Bandung,0,2,2,2,63,50,429000000
"Rumah Baru TKI, tidak jauh dari Mainroad, under 1 M",0,2,2,2,52,68,583000000
Rumah Sangat Bagus Di Pusatkota,0,2,2,2,77,60,796000000
Rumah dekat tempat ibadah dan fasilitas pendidikan dan kesehatan,0,3,2,1,108,79,1650000000
"Rumah TERMURAH di citayam akses mobil, kepoin nih!!",13,3,1,1,50,60,525000000
Rumah lokasi strategis dekat ke mana mana,0,3,2,2,120,63,999000000
Rumah Semi Furnished di Rancamaya Golf Kota Bogor,0,2,2,0,120,64,774000000
Rumah Mewah di Taman Kopo Indah 3 Dekat Ke Pintu Tol Seroja,8,2,1,1,72,45,795000000
Rumah Minimalis 3 kamar lokasi Strategis @Limus pratama regency,2,2,1,1,65,80,550000000
Rumah murah 2 lantai Lokasi Strategis Deket tol Cibubur/tol Jatikarya citra grand,2,2,1,0,126,60,1100000000
Rumah Dalam Cluster DP 5 Jt saja,3,2,1,1,60,32,345000000
RUMAH CERAH BANGUNAN BARU HARGA MURAH DINEGO AJA! di HARAPAN INDAH (12799) FD,3,2,1,1,60,30,240000000
Rumah Murah di dalam Cluster di Cikunir.,0,3,2,1,198,135,3100000000
Rumah Murah di Komplek SKU Mekarsari Tambun Bekasi,2,2,1,2,60,39,700000000
Rumah Lux Seperti Baru Semi Furnished Di Cluster Cinere,0,3,3,0,150,150,1900000000
RUMAH LUX MINIMALIS 2 LANTAI SWIMMING POOL LOKASI UJUNG BERUNG,0,4,4,0,190,250,2550000000
Rumah Bagus Baru Renov Dalam Cluster Kota Wisata,0,2,1,0,105,70,1150000000
Rumah Kantor Cikarang Utara 1 Lantai Strategis Dekat Stasiun,2,3,3,1,91,93,1660000000
Rumah bumi panyileukan kota bdg,2,2,1,0,123,90,650000000
Rumah BARU LUAS Siap Huni Lingkungan ASRI Tenang Di CIPAYUNG Depok KPR DP Ringan Free Biaya2,2,3,3,0,144,155,2500000000
"Rumah cantik desain American Classic, dalam cluster, lokasi strategis dekat stasiun KRL Parung Panjang",2,4,3,0,180,196,3290000000
Rumah diCitayam dekat stasiun Citayam,8,2,2,1,60,70,1050000000
Rumah Bagus Murah Nyaman Pasti Betah Cimindi Jl Budi Cimahi Utara,8,2,2,1,60,70,1000000000
Rumah Murah Minimalis 2 Lantai Dekat Pusdiklatpassus Batujajar Bandung ,0,3,2,1,112,100,1100000000
Rumah KPR Depok DP bayar belakangan,0,3,2,1,96,140,1020000000
cepat rumah termurah di Kemang Pratama 5 bekasi,3,2,1,0,55,36,325000000
cepat rumah termurah 2 lantai di duta bumi harapan indah Bekasi,8,2,1,0,50,45,225000000
Gunung Putri - Perumahan Bumi Mutiara,4,4,3,2,128,206,1900000000
RUMAH SUTERA SAWANGAN BY ALAM SUTERA,3,2,1,1,96,70,545000000
Forest Hills /  Serpong Kencana,2,3,2,1,75,80,825000000
rumah minimalis modern terbaru terlaris di Bandung,8,2,2,2,137,62,690000000
RUMAH MINIMALIS DI  BANDUNG BEBAS BANJIR,8,3,2,2,84,75,966000000
rumah mewah murah cantik di Bandung,0,2,1,0,126,80,1700000000
rumah Minimalis harga murah bebas banjir,8,3,2,1,72,60,790000000
rumah Murah Minimalis berkualitas di Bandung,8,3,1,1,72,52,650000000
Rumah Minimalis di KBP,8,2,1,0,70,36,265000000
Rumah Modern Istimewa di KBP,8,4,2,0,125,125,1000000000
"Rumah murah 2lantai di sayap gatsu , burangrang , turangga",2,3,1,0,95,38,682000000
Rumah Cluster Lemonade Garden Grand Wisata,8,3,2,0,161,80,850000000
"Rumah Modern Tropis Banyak Bukaan, 3 Kamar strategis dekat Waterpark ",8,3,2,1,90,63,1120000000
RUMAH UNIT LANGKA POSISI HUK Cluster AseraOne Harapan Indah,0,4,4,0,67,134,1290000000
Dijual Cepat Unit Langka di Cluster Asera Harapan Indah Bekasi,0,3,2,1,91,83,1200000000
Di jual cepat Rumah dalam Cluster di Aralia Harapan Indah Bekasi.,2,2,1,1,69,51,465000000
Rumah Baru di Cluster Arana Harapan Indah,8,2,1,1,60,40,360000000
Saga village dekat ke stasiun bojong gede,2,3,3,1,120,180,2300000000
RUMAH SIAP HUNI DI KURDI,3,3,2,1,67,70,672000000
Rumah Cantik Terawat Siap Huni Harga dibawah 2 Milyar Langka di Kembar Mas Bandung,2,1,3,0,120,200,1850000000
Rumah Baru Di Shafa One Cinere,8,2,2,1,60,65,725000000
Rumah Mentereng Harga Enteng (Cash),8,3,2,1,60,70,695000000
RUMAH MURAH DI PINUS REGENCY,8,2,1,2,60,39,600000000
Rumah Megah Siap Huni Di Kawasan Wisata Lembang Bandung,8,3,3,2,120,79,1620000000
Rumah Di Padasuka Dekat Dengan ITB,0,3,3,1,71,125,975000000
Rumah bandung desain klasik di antapani dekat kampus ITB,2,2,1,1,60,36,430000000
"Rumah Baru di Kalijati Antapani Bandung dekat Jalan Jakarta, TSM, Arcamanik, Bandung Timur",2,3,2,0,72,82,700000000
Rumah Cibinong Murah Asri Teduh Aman dan Nyaman,0,2,1,1,38,72,389000000
Rumah Baru Modern 2LT Dlm Perumahan Asri Di Kodau Jati Mekar Bekasi,8,4,3,2,144,150,2700000000
"Rumah 2 Lantai Grand Depok City Akses jalan lebar dekat Tol Cijago, Stasiun KRL",0,2,1,1,88,50,625000000
Rumah Cantik Depok Nuansa Bali Dekat Jakarta Selatan Akses 10 Menit ke 2 Pintu Tol,0,4,4,1,146,220,2800000000
Rumah luas Tanah 200M harga  2M an Samping Taman,6,2,1,1,86,50,616000000
Rumah keren Dekat stasiun Parung panjang,5,3,2,0,140,110,975000000
RUMAH BARU DI DAGO BANDUNG VIEW GUNUNG DAN KOTA BANDUNG,5,2,2,0,160,100,1000000000
Rumah murah harga NJOP cluster gegerkalong Sukahaji Sutami Bandung utara,0,4,3,1,90,105,850000000
"KPR 100% Approved,  Rumah Mewah 2 lantai do Kota Depok",8,3,3,1,84,120,1350000000
"FULL FURNISHED !! KREDIT RUMAH HALAL TANPA BANK, NO SITA, NO DENDA, NO BI CHECKING - THE BILLABONG SOETA 100% SYARIAH",2,4,2,2,121,100,690000000
Rumah Murah 2 Lantai di Cihanjuang Cimahi Dekat Setiabudi Bandung,3,2,1,1,84,48,822000000
"Rumah Mewah 2 lt di kota Depok, Angsuran 6jtan. Proses dibantu sampai akad",0,3,2,1,100,120,1850000000
New Cluster dlm perum asri total 40 rumah dan 6 ruko di Bogor,8,3,2,0,60,55,805000000
Cluster desain modern menarik lokasi 3 menit ke tol beji kukusan,8,3,2,0,60,65,857000000
Rumah Minimalis di Padasaluyu Utara Bandung,0,3,2,2,132,132,2200000000
Rumah dalam cluster dijual dekat tol tambun selatan,8,3,2,0,102,160,755000000
DIJUAL RUMAH BARU DI SETRASARI KULON,8,3,2,2,72,68,530000000
DIJUAL RUMAH TKI 1BONUS AC,2,3,2,2,96,69,900000000
DIJUAL RUMAH BARU DI BABAKAN JERUK,2,2,1,2,65,50,800000000
RUMAH DI TAMAN KOPO INDAH III BLOK E,0,4,3,1,138,228,2150000000
RUMAH  MODERN MINIMALIS PERUM KIRANA TAMBUN BEKASI,0,3,2,2,94,45,900000000
Rumah Kost Strategis Sebelah RSHS,0,3,2,1,144,170,3500000000
Rumah Baru Disain Klasik Modern di Margahayu Raya,2,2,3,0,136,146,2370000000
"Rumah baru 1 lantai di antapani, akses jalan 2 mobil. Murah!",2,2,2,0,183,124,2550000000
Rumah 2 lantai Di Kavling UI Barat Beji,2,2,2,0,112,100,1350000000
RUMAH MURAH DEKET EXIT TOLL PAMULANG ,2,3,3,1,134,128,1600000000
RUMAH MILENIAL DEKAT THE PAK SAWANGAN & TOLL..,0,3,2,0,110,100,599000000
RUMAH DEKAT EXIT TOLL SAWANGAN 4..,8,3,3,1,72,72,990000000
RUMAH CANTIK DEKAT TOLL SAWANGAN 4..,0,3,2,0,100,250,2650000000
"Rumah di Nusa Exclusive Cluster Citeureup, Cimahi Utara",0,3,2,1,136,92,2300000000
Rumah Cluster Taman Menteng Lippo Cikarang Bagus,8,2,1,1,79,36,454000000
"Cari rumah di pusat kota karawang, yuk kepon galuh mas aja",8,2,1,1,65,36,478000000
"MIRING KANAN KIRI NIH HARGANYA, LOKASI SARIWANGI DEKT POLBAN, PVJ, IP DAN 20 MENIT KE TOL PASTEUR PASTI BETAH DEH",8,2,1,1,65,36,307000000
Rumah Model Mezzanine Di Ciwastra Buah Batu Bandung Dekat Tol Gedebage,8,2,1,1,84,36,569000000
RUMAH BARU ALDIVA-PADALARANG  SELANGKAH KE KBP 10 MENIT KE TOL,2,3,1,2,78,40,400000000
Rumah Murah di Legenda Wisata P3.004/01/22/PR-HJ,0,4,2,0,107,152,1840000000
TERMURAH RUMAH MEWAH DEKAT MALL DAN AKSES TOL!! DI SELATAN JAKARTA SUTERA SAWANGAN ,0,4,2,0,78,125,1600000000
"Rumah KPR Tanpa DP dekat Stasiun. Susukan, Bojong Gede",0,2,2,1,235,200,1850000000
Rumah 2 Lantai Murah Cimahi Utara Dekat Pemkot Cimahi Cihanjuang,0,3,2,0,126,100,2600000000
rumah murah kota bandung dekat alun alun ujung berung,0,3,2,0,100,100,1850000000
Rumah di Dekat UPI Geger Kalong Setiabudi Siap Huni Sejuk Mewah Bandung Utara,2,3,3,2,88,72,1400000000
rumah murah jatihandap cicaheum bandung,8,2,1,1,60,40,350000000
Rumah murah 2 lantai bojongsoang tidak kpr dekat stt telkom tol buah batu,8,2,2,2,60,58,800000000
Rumah Murah Bojong Gede. KPR Tanpa DP.,0,3,2,2,86,85,1060000000
Rumah murah 2 lantai Arcamanik Bandung kota vignetta cluster tahap 3,8,4,3,1,103,150,1650000000
Rumah murah di perumahan cluster bukit mekar indah residence Cileunyi Bandung,0,3,2,1,238,175,2600000000
Rumah 2 lantai full furnish murah di pemasaran villa Dago Bandung,8,3,3,2,60,80,1000000000
Rumah murah 2 lantai Arcamanik Bandung kota cluster vigneta Arcamanik tahap baru,0,2,1,1,72,48,440000000
"Dekat BioFarma Rumah Siap Huni Dalam Komplek Strategis Pasteur, Cicendo, Kota Bandung",3,2,1,0,140,80,700000000
Rumah baru strategis dekat kampus UNPAD villa sayang Jatinangor ahmad land,8,3,3,1,85,125,1260000000
Rumah dekat UPI Setiabudi Siap Huni Sejuk di Cluster Islami di Kawasan Bandung Utara Lembang Gegerkalong,8,4,3,0,86,120,1220000000
Rumah Bahagia Arcamanik jln Raya Cisaranten Kulon dkt Griya Arcamanik Kota Bandung Antapani Dago Padasuka cicaheum Pasteur,8,3,3,1,65,115,1050000000
Dijual Rumah Mewah Dekat Stasiun Depok Di Kawasan Grand Depok City ( GDC ),2,2,1,1,73,50,663000000
Perumahan Besar Strategis GRAND CIBUBUR Rumah 2 Lantai ASRI MURAH 550 Juta Nego ,0,4,4,0,180,250,3500000000
Dijual Murah Rumah Cluster ifolia harapan indah,0,3,2,0,118,145,2150000000
Rumah Murah Siap Huni Bebas Banjir,3,2,1,1,60,60,420000000
"Rumah murah di Tenjo, Rumah DP murah di Tenjo, Rumah murah dekat stasiun Tenjo, KPR rumah murah di Tenjo",8,2,1,1,219,80,1200000000
Rumah siap huni di Tatar Mayang Sunda Kota Baru Parahyangan KBP Bandung,8,2,1,0,219,50,1200000000
Spesial DP 0% Grand Duta City Bekasi Kota Mandiri 200 Ha - Smart City Concept,0,2,1,0,45,30,241000000
Rumah murah minimalis  Furnished Taman Kopo Indah 3 Bandung,3,3,3,0,146,170,1700000000
Rumah di Taman Kopo Indah 3 Bandung,10,2,2,1,60,48,570000000
Rumah di Taman Sakura Indah Bandung,0,2,1,0,72,50,280000000
Rumah 2 Lantai Taman Kopo Indah 3 Bandung,0,3,2,0,120,80,475000000
Rumah Murah dan Baru di Taman Kopo Indah 3 blok E dekat Tol Soroja Bandung,0,4,3,1,180,270,1300000000
MURAH!! SAYAP KIARACONDONG MASUK MOBIL HITUNG TANAH SAJA,2,2,1,1,60,40,580000000
Rumah Cantik Lebar 7 Siap Huni NEW CLUSTER MULBERRY @ SUMMARECON BEKASI,8,4,3,1,112,120,1200000000
Rumah Siap Huni @ Jati Asih,0,3,2,1,174,180,1500000000
Rumah Cantik Jarang Ada cluster Maple @ Summarecon Bekasi dekat Pool,2,3,3,0,180,160,1950000000
Rumah Hoek Vernonia @ Summarecon Bekasi sebelah Taman CASH/KPR,2,3,2,0,170,200,1990000000
Rumah TERMURAH Bumi Anggrek VMG2 Jalan Utama DEKAT Summarecon Bekasi HARGA BAWAH PASAR,0,2,1,0,90,140,1150000000
Rumah Hadap Jalan &amp; Taman [emailÂ protected] Bekasi,8,3,2,1,80,80,840000000
RUMAH 2 LT DENGAN FASILITAS KOLAM RENANG DI SAWANGAN DEPOK,0,4,3,0,139,200,2600000000
JUAL RUMAH MEWAH DENGAN KOLAM RENANG DI DEPOK ,8,4,4,0,115,145,1300000000
"Dijual cepat rumah mewah baru selesai bangun , lokasi terdepan di Sentul City",2,4,3,1,112,90,850000000
"Rumah super murah jarang ada Sekitar Ciskul,Arcamanik",3,2,1,0,72,36,437000000
"Rumah siap huni menarik 2 lantai murah di Antapani,jarang ada",0,4,3,1,103,90,1400000000
"Rumah Minimalis super murah turun harga lagi di Arcamanik, Antapani jarang ada",0,3,2,0,94,50,520000000
Rumah premium Dago Full Furnish Dekat Kampus ITB Bandung Kota,0,3,2,1,126,175,1950000000
Dilepas Murah Rumah Villa Istana Lembang Pusat Wisata Bandung,0,2,2,1,60,105,950000000
Rumah modern clasic murah sentul city,0,3,2,2,120,125,1690000000
Rumah MURAH CLUSTER STRATEGIS Di PARUNG Bogor DEKAT JALAN RAYA Angkot 325 Juta Bisa KPR,8,4,3,2,96,130,1410000000
RUMAH MURAH CITAYAM DEPOK 200JUTAAN,8,3,3,1,74,140,1250000000
"Cepat! Rumah Hunian 2 lantai Siap Huni, di Komplek Eksklusif Pusat Kota Cianjur",8,3,2,1,70,74,890000000
"Jual Rumah di Perumahan Ciomas Permai Dekat Stasiun Bogor, Kebun Raya Bogor, SMA Negeri 1 Ciomas",8,4,4,1,100,130,1400000000
Rumah Siap Huni Akses Toll Dekat Terminal Bebas Banjir Lengkap Fasilitas Umum,8,4,4,1,98,130,1370000000
"Rumah Anti Virus*, 2 lantai 3 kamar tidur strategis di Jatiasih",8,4,4,2,87,130,1300000000
Rumah view gunung pancar di cluster sentul city,8,4,4,1,84,125,1260000000
RUMAH STRATEGIS MURAH DI BEKASI GOOD INVEST,8,3,2,1,88,90,890000000
Desain fantastis harga terbaik lokasi strategis. 4 KM dari pintu tol Sawangan.,8,2,1,1,75,50,650000000
"Rumah ready stock dalam cluster, cozy banget.",8,2,1,1,65,50,675000000
TURUN HARGA! RUMAH KOTA BARU PARAHYANGAN TATAR PURBASARI,8,4,3,2,90,125,1220000000
Rumah 2 Lantai T60/72 Cluster Cinangka Dekat Pondok Cabe,8,2,2,1,72,74,725000000
Perumahan Grand Prestige Sawangan,8,3,2,2,80,69,1230000000
Cluster manis  pinggir jalan strategis,0,2,1,1,80,48,418000000
"Rumah Perum Bukit Sawangan Indah, Luas 125m2",0,3,2,2,94,50,520000000
Di Jual  Rumah Cantik Bagus Modern Bersih Rapih Aman Dan Nyaman,8,2,1,1,60,40,320000000
Pondok Petir,3,3,2,1,119,77,1400000000
"Rumah di Sawangan,  Smart Home, Bebas banjir, akses toll Cinere BSD",2,3,2,0,72,90,1330000000
Rumah Minimalis akses tol soroja,12,2,1,1,72,36,150000000
Rumah cantik gaya milenial dekat gerbang tol soroja,0,3,2,0,126,150,1950000000
"rumah 2 Paviliun, Gempol - Bandung",8,3,1,0,70,90,650000000
"TURUN HARGA!  Rumah nyaman di Gempol Sari, Bandung",8,4,2,0,128,126,1500000000
"BONUS VESPA !! KREDIT RUMAH HALAL TANPA BANK, NO SITA, NO DENDA, NO BI CHECKING - THE BILLABONG SOETA 100% SYARIAH",8,3,1,1,60,52,695000000
Rumah Cantik Minimalis siap Huni dekat toll Jatiasih Bekasi,2,2,1,0,75,59,695000000
Rumah Murah di Bawah Pasaran Mainroad Margahayu Raya,2,3,2,0,124,90,1050000000
"Bayar 5 Juta Punya rumah dekat Stasiun Cicilan Mulai 2 Juta""an ",0,2,2,1,60,60,557000000
Rumah 2.5lt konsep interior Jepang full furnished terawat . Bisa untuk ditempati sendiri atau disewakan . Kondisi tersewa ekspatriat Jepang,0,2,1,2,60,65,657000000
"Dijual Batununggal 
Cluster one gate
Akses jalan Lebar ",6,4,4,0,189,300,2000000000
Rapih Siap Nego @Kota Wisata LT 300 LB 350 Siap Huni!,0,3,2,1,119,115,1200000000
rumah cilengkrang dengan taman belakang yg luas,0,4,3,2,126,160,2350000000
DP Murah 20 Juta 5 Menit dari Cibinong City Mal,5,4,4,2,183,148,1600000000
"Hunian 3 Menit Pintu Tol Desari, Bisa Tanpa Dp*..!!",0,3,2,1,118,145,2100000000
Dijual rumah BARU MEWAH MEGAH Design MODERN di GALAXY Pekayon Bekasi Selatan - Etty 08993334194,0,3,2,0,246,250,1900000000
Rumah Nyaman Strategis 2 Menit Ke Stasiun Kereta di Beji Depok,0,4,3,2,126,160,2390000000
Rumah Terawat Cigadung,0,4,3,2,118,145,2150000000
Rumah Depok Pancoran mas murah,8,3,2,2,68,66,842000000
Rumah Depok 2 Lantai SHM IMB,8,3,2,2,81,80,999000000
"Rumah Baru, Grand Duta City South of Jakarta",8,3,2,2,78,61,920000000
Shila at Sawangan by Vasanta Group ( Mitsubishi Corp JV Pakuan Tbk),8,3,2,2,70,68,869000000
"Rumah Baru Minimalis di TKI Taman Kopo Indah 1 Super Langka, Margahayu, Kopo, Bandung. Super Langka",8,3,2,2,80,80,999000000
Rumah Komersil hanya 430Juta di Jatisari Jatiasih Bekasi,8,3,2,2,61,81,947000000
Rumah 2 Lantai di Grand Wisata Bekasi,5,3,2,0,160,120,950000000
RUMAH 2 LT DI CLUSTER EXCLUSIVE,5,3,2,0,144,104,1350000000
Rumah Cantik & Murah Padalarang Dekat Kota Baru Parahyangan,0,3,2,2,140,110,800000000
Villa cinere Mas Rumah Cantik Siap Huni Bangunan Modern,10,2,2,1,66,59,779000000
Jarang Ada !! Rumah Minimalis Murah Lokasi Di  Mainroad ROW 11m,8,3,2,2,78,80,999000000
"Rumah baru 2 lantai di area turangga 2 m an dekat trans studio, kt 4, km 4",0,3,2,2,229,167,1700000000
Dijual Rumah Minimalis Muraah Lokasi di Mainroad ROW 11m,2,2,1,0,80,60,535000000
Jarang Ada !! Rumah Minimalis Muraah di Lokasi Super Strategis Cocok Untuk Millenial,8,3,2,1,50,60,375000000
RUMAH MURAH !!! Siap Huni Full Renove Lippo Cikarang,8,3,2,0,120,115,2250000000
RUMAH MURAH BAGUS BU BEVERLY LIPPO CIKARANG,2,3,2,0,120,160,2350000000
"Rumah megah dan istimewa di Ciwastra, siap huni, harga di bawah pasar",8,2,1,1,70,36,428000000
Rumah Mewah Siap Huni Dalam Komplek di Tanah Baru Beji Depok,3,2,1,1,69,36,512000000
Dijual Rumah dibawah Harga Pasar Siap huni di Komplek Permata Cimahi,8,2,1,1,75,36,307000000
Harga Tanah Bonus Rmh... Jarang  Ada... Good Invest,0,3,1,2,146,160,2550000000
*Rumah Di Kota Bogor Selangkah dari Statiun Kota Bogor*,0,3,3,2,165,180,2150000000
"Rumah baru 2 lantai di cigadung raya barat, dago 1 m an, city view ",2,4,4,0,225,180,2500000000
Rumah Baru dengan Taman dan Lingkungan Nyaman di Sentul City,8,4,3,0,216,150,2300000000
Rumah Bersertifikat dengan Lingkungan Nyaman di Sentul City,2,3,2,2,84,51,1100000000
Rumah 2 Lantai DP 15 Juta Free All In Dekat Margonda Juanda Depok,3,3,2,0,119,100,1100000000
Rumah 2 Lantai DP 15 Juta Free Biaya biaya Akses Stasiun dan Terminal Depok,0,2,2,1,84,116,850000000
Rumah di Mekar Wangi Cantik Siap Huni Harga 2.2 Milyar,2,2,1,1,60,29,168000000
Rumah Balinese Style Dengan Private Swimming Pool di Bukit Cinere Indah,0,4,2,1,236,200,2500000000
Rumah 2 Lantai Luas MURAH Siap Huni SUDAH RENOVASI Strategis Di SUKMAJAYA DEPOK TIMUR,0,3,3,0,103,146,2700000000
Rumah Mewah 2 lantai Sawangan Depok,3,2,2,1,88,65,690000000
Spesial Promo DP 0% The Mansion Bekasi Luxury Modern Concept House,8,2,1,1,70,70,295000000
Promo DP 0% Grand Duta City 200 Ha New Integrated Township,2,3,2,2,151,120,850000000
Rumah 2 Lantai Strategis Sayap Gatot Subroto,2,2,1,1,60,30,160000000
Rumah Nyaman dan Sejuk Cisitu Dago,2,3,3,1,120,105,1650000000
Rumah Minimalis Strategis Marga Asri Ciwastra,2,3,2,1,144,75,950000000
Rumah Kost Strategis Kiaracondong,2,2,2,0,126,100,1700000000
Rumah Mainroad Pondok Hijau Indah Pinus Raya,2,2,1,0,198,50,1200000000
Rumah Siap Huni Pondok Hijau Indah Pinus Raya,2,4,3,0,200,150,2100000000
Rumah Furnished Siap Huni di Cluster Bluebell Summarecon Bekasi,2,3,2,0,135,100,1600000000
Rumah Cantik di Cluster Lotus Summarecon Bekasi,2,4,3,0,170,225,2300000000
Rumah Cocok Untuk Komersil di Perumahan Puri Cendana Tambun Bekasi,2,3,3,0,160,180,1670000000
Rumah Minimalis 2 Lantai Siap Huni di Perumahan Graha Mutiara Bekasi,0,2,1,1,108,48,1250000000
Rumah Cocok Juga Untuk di Bangun Ruko Komersil di Bumi Satria Kencana Bekasi,0,3,2,1,162,100,2500000000
Jarang Ada di Pusat Kota! Rumah di Sayap Buah Batu Cijagra,8,3,2,1,70,70,842000000
Murah! Rumah 2 Lantai Lokasi Strategis di Padalarang,0,3,3,2,200,160,2800000000
Rumah Mewah 2 Lantai dekat Tol Kukusan,0,3,3,1,157,180,3200000000
"Rumah Murah, Baru Renovasi, Lokasi Strategis di Tengah Kota Bandung",0,3,1,0,150,270,2500000000
Rumah Setraduta 2M-an,8,2,1,0,65,40,300000000
Rumah Baru belum di huni dekat Town Center KBP,8,3,2,1,96,105,1270000000
"Yuk, tinggal di hunian yang sejuk dan sehat! Hanya 15 menit stasiun Citayam! SHM",2,3,2,0,120,120,1350000000
"Mau merasakan liburan ke Bali setiap hari? Baca sampai habis ya! Cilodong, Depok",2,3,3,2,216,210,2700000000
Rumah dengan udara yang sejuk seperti Eropa dekat dengan stasiun citayam! SHM,2,2,2,1,108,80,850000000
Rumah paduan modern klasik dengan cat putih yang menawan! 10 menit toll Cijago! SHM,8,3,2,0,63,70,795000000
PROMO DP 0% Best Living Cluster Paris Taman Puri Cendana,0,3,2,0,186,90,1050000000
miliki hunian di kota bandung yang hanya 10 menit ke bandara husein bandung,0,3,2,0,168,140,900000000
Rumah Hunian di Kota Bandung yang hanya 10 menit ke Bandara Husein Bandung,8,2,1,0,50,30,375000000
Dijual rumah berkonsep villa suasana asri dan nyaman udara khas lembang view gunung dan perkotaan bandung,8,2,2,1,75,60,725000000
rumah kopo dibawah NJOP,0,2,1,1,72,45,350000000
Rumah Hoki di Lokacitra KBP,6,3,2,1,71,70,700000000
Hunian unik dengan view pegunungan di Cigadung Dago Bandung,6,2,1,0,77,50,530000000
Spesial DP 0% Premium Grand Wisata Bekasi Z Living by Sinarmas Land,2,4,5,2,203,256,2900000000
Cluster Mewah Berkualitas dengan Harga Murah dekat Pintu Tol,2,2,1,0,67,48,463000000
Spesial Promo DP 0% Grand Duta City - 200Ha New Integrated City Close South Jakarta,8,3,2,0,228,80,1750000000
Rumah Baru Semi Industrial Arcamanik Bandung,2,3,2,2,72,65,1100000000
Rumah Mewah 2 lantai Dalam Cluster Cinere One Gate sistem,3,2,1,1,105,42,775000000
Rumah Lama Terawat Sukaluyu Sayap Supratman,3,3,2,1,90,150,1000000000
Sentul City Bogor,8,2,1,0,60,40,550000000
Promo DP 5jt All In MARGONDA ECOPARK - Premium Modern Living Concept In Margo City Area,8,3,2,1,89,110,1150000000
Rumah 2 lantai strategis dekat STT Telkom & Tol Buahbatu Bandung ,0,2,1,0,205,80,1750000000
Rumah cantik Lokasi strategis Di Bojong,0,3,3,0,120,160,1100000000
Rumah Mewah Nyaman Siap Huni Dekat Tol Cijago di Tanah Baru Beji Depok,3,2,1,0,33,72,651000000
"Rumah Mewah Berkelas Idaman Milenial Lokasi Super Strategis, 700 Meter Ke Tol Desari",3,3,2,0,84,53,867000000
"Rumah Mewah 2,5 Lantai Siap Huni Nempel Jagakarsa, Jaksel",0,3,2,2,250,98,2650000000
Rumah cluster siap huni full bata merah selangkah ke toll jatiwarna,0,3,2,0,45,60,1410000000
RUMAH SETRADUTA SIAP HUNI,8,3,2,1,61,63,795000000
Rumah Baru 2 lantai lokasi strategis di Buah Batu Pasirluyu Sayap BKR,2,3,1,1,96,80,625000000
"Rumah Dengan Halaman Luas Di Perum Arco, Jl Mangga, Sawangan.",2,3,1,0,81,70,785000000
Rumah Cantik didalam Komplek Perumahan,2,3,2,0,94,80,925000000
"Rumah SIAP HUNI pekarangan luas, asri dan hijau di Depok",8,3,3,2,85,60,1390000000
Rumah Asri Siap Huni Bentuk Tanah Gentong di Depok,8,3,2,0,180,118,1150000000
"*Rumah ready siap huni lingkungan asri dan  hijau,  Sawangan Depok*",3,2,1,2,60,30,400000000
200jt-an Rumah Murah di Bandung Buahbatu Masuk Mobil & Bebas Banjir,3,2,1,2,72,30,600000000
Dijual Cepat @Kota Wisata LT 146 LB 170 Siap Nego dan Rapih,8,2,1,1,66,40,330000000
Rumah Di Karawang Dekat Kawasan Industri Cicilan 2 Jutaan  ,8,3,2,2,60,60,695000000
Rumah etnic minimalis harga terjangkau 2 kt 1 km lebar jalan utama 8m,8,3,2,2,50,60,686000000
rumah 3 kt 2 km lebar jln utama 8 meter no kpr,3,2,2,1,72,21,250000000
Rumah View Kota Bandung Dengan Udara Segar,0,3,2,1,70,68,831000000
Rumah Asri Dengan Lingkungan Tenang dan Nyaman di Villa Cinere Mas,10,3,2,2,98,66,800000000
Rumah Hoek Siap Bangun Cocok Untuk Komersil di Kayuringin Bekasi,8,3,3,1,109,144,850000000
Siap Huni Smart Home Mewah Jatiasih,0,4,3,2,220,180,2500000000
Rumah Alam Sutera di Sutera Sawangan,2,2,2,2,65,50,800000000
Langka !! Hunian sejuk dan nyaman dalam cluster di sersan bajuri,10,2,1,2,60,30,400000000
rumah  bagus siap huni di Grand Wisata Bekasi,8,2,1,1,55,36,185000000
Rumah kos 10 kamar dekat stasiun kereta depok UI,0,4,2,1,253,175,3800000000
Rumah murah 2 lantai untuk usaha di bulevar harapan indah bekasi,6,4,2,0,208,190,1750000000
Rumah dan Tempat Usaha Ciganitri,2,3,1,1,85,50,635000000
Rumah Daerah Antapani,0,2,1,1,71,36,463000000
Rumah murah 3 menit RSUD Timur Depok dekat Tol Cimanggis dan LRT,10,2,1,0,60,27,150000000
"Rumah Siap Huni 2 Lantai Sukmajaya Depok dekat Akses Tol, Stasiun akses jalan besar",8,3,1,0,130,100,1170000000
Rumah Sayap Pajajaran,0,4,2,2,119,125,1690000000
"Baru & Siap Huni, lt 115 / lb 145, jalan BBD Raya, Radar Auri, Mekarsari Cimanggis",0,4,3,0,125,130,550000000
RUMAH ASRI STRATEGIS CLUSTER SUMIR SELANGKAH KE TOL JORR JATIWARNA,0,4,3,2,96,140,1020000000
Rumah tanpa dp,0,2,1,0,61,50,400000000
Rumah Cakep Siap Huni Tengah Kota !,0,2,1,1,90,50,1450000000
Rumah 2 lantai 3 kamar tidur dekat UPI Cibiru Bandung harga promo 500jt-an,8,3,2,2,61,56,611000000
"Rumah Semi furnish Full Renov Tatar Wangsakerta Kota Baru Parahyangan, Padalarang Bandung",3,2,1,0,72,45,524000000
RUMAH MURAH DI CIPYUNG DEPOK,8,3,2,1,70,69,850000000
"Jual Rumah baru TKI Taman Kopo Indah 1,  ada 2 unit, Kopo Bandung",8,2,1,1,68,38,550000000
RUMAH MURAH KATAPANG,8,3,3,0,87,90,890000000
"Hunian Mewah Strategis 2Lt di Kota Bandung, One Gate System",8,2,1,1,67,45,450000000
RUMAH MEWAH EKSLUSIF LOKASI NEMPEL TOL DESARI DI PANCORAN MAS DEPOK,2,3,1,1,72,36,358000000
"Rumah 2,5 Lantai Mewah Ekslusif di Tanah Baru Beji Depok",2,4,4,1,144,157,2300000000
Rumah 2 Lantai Nyaman Paling Strategis di Beji Kukusan Depok,2,4,4,0,200,90,2350000000
Rumah Idaman Siap Huni Akses 2 Mobil Super Lega di Tanah Baru Beji,8,3,2,2,78,70,1040000000
Rumah Nyaman Siap Huni Akses 2 Mobil Lega Banget di Tanah Baru Depok,8,3,2,2,69,70,960000000
Rumah Nyaman Siap Huni Posisi di Hook di Tanah Baru Beji Depok,2,2,1,0,75,30,180000000
Rumah Mewah Nyaman Siap Huni di Tanah Baru Beji Depok,0,2,2,0,84,60,310000000
Rumah 2 Lantai Murah Nyaman Siap Huni 5 Menit Ke Tol Desari di Pancoran Mas,3,2,1,0,60,30,168000000
Rumah Minimalis Ekslusif Nyaman Siap Huni Dalam Komplek di Pancoran Mas Depok,8,3,2,0,103,56,925000000
Rumah Minimalis Nyaman Siap Huni 5 Menit Ke Tol Desari di Pancoran Mas Depok,8,3,2,1,65,54,665000000
Rumah Mewah Siap Huni 700 Meter Ke Tol Desari di Pancoran Mas Depok,8,3,2,1,78,72,875000000
Rumah Strategis 2 Menit Ke Stasiun Kereta di Beji Depok,2,3,3,1,152,90,1800000000
Rumah Cluster Oakwood Lippo Cikarang,2,2,2,1,135,145,1650000000
Hunian istimewa di lokasi strategis ,2,3,1,0,90,50,675000000
Rumah 2Lantai Minimalis Cikoneng Dekat STTT Telkom Buahbatu Bandung,2,3,1,2,72,60,589000000
Rumah Cantik Type Downslope Cinunuk Cibiru 2 Lantai Bandung,2,3,3,2,66,88,1190000000
Rumah minimalis ,2,3,2,1,77,95,1980000000
Rumah dengan lingkungan tenang di Kota Wisata Cibubur,0,2,3,2,150,101,1700000000
Jual Rumah 2 Lantai Di Komplek Permata Puri Cimanggis Kota Depok Jawa Barat,2,2,1,0,60,27,180000000
Jual Rumah 2 Lantai Di Jln.Hankam Raya Pondok Melati Kota Bekasi,2,3,3,0,82,68,864000000
Rumah di Cibubur Turun Harga dekat Tol komplek Taman Kenari harga miring,0,3,2,0,96,94,1610000000
"RUMAH MURAH CICILAN HANYA 900 RB/BULAN,,SUBANG JAWA BARAT,MILIKI SEGERA UNIT TERBATAS,,",3,3,3,1,105,160,1400000000
Rumah FULL RENOV jadi cantiq wangsakerta,8,3,2,1,136,150,1300000000
"Hitung TANAH SAJA  , Siap Huni Siap Pakai di Muara Sari Bandung",0,2,1,0,50,30,220000000
Rumah readi dicipayung depok,0,3,2,2,120,80,650000000
Rumah Di Pangkalan Jati,0,1,1,1,48,21,172000000
Hunian Strategis dan Harga Minimalis,0,2,2,0,120,70,211000000
YUK SURLOK!! RUMAH BARU MODEL MINIMALIS SIAP HUNI HARGA TERMURAH di HARAPAN INDAH -  (12799) FD,2,3,2,0,75,60,460000000
SEGERA MILIKI ! RUMAH CANTIK BANGUNAN BARU di HARAPAN INDAH (12814) FD,0,4,3,0,132,180,1000000000
Rumah Bandung Luas type 60/60 Promo Awal Tahun Murah Harga Ekonomis,0,2,1,1,66,40,480000000
Rumah Mewah 2 Lantai SOHO untuk Hunian atau Investasi di Bandung,0,3,2,0,198,220,3200000000
Rumah Cantik Cimahi Tengah 2 Lantai,0,4,2,0,98,140,1000000000
Jarang Ada Rumah Siap Huni Tengah Kota di Cisaranten Arcamanik,0,2,2,0,90,95,2000000000
Dijual Cepat dan Rapih Kota Wisata LT 300 LB 350 Siap Nego,0,3,1,0,200,225,2250000000
Kota Wisata LT 300 LB 350 Siap Huni!,8,2,1,1,70,36,307000000
Rumah 2 lantai bangunan baru harga nego di Turangga,3,2,1,1,69,36,525000000
MURAH / BU !!! Cluster Baru Summer Blish Lippo Cikarang,8,2,1,1,80,36,430000000
Rumah bagus minimalis 2 lantai area pasirluyu kembar bkr,8,4,4,2,180,250,3700000000
Rumah di Antapani Terawat dan Nyaman,0,4,4,2,117,220,2190000000
RUMAH BARU SIAP HUNI DI TURANGGA BUAHBATU KOTA BANDUNG,0,3,3,1,130,87,1250000000
RUMAH BARU SIAP HUNI DI PASIRLUYU DEKAT BUAHBATU KOTA BANDUNG.,8,2,1,1,60,40,479000000
Cluster desain menarik ekslusif harga ekonomis lokasi dekat alun-alun kota depok,0,3,3,0,126,180,2800000000
Cluster siap huni mewah luas fasilitas lengkap lokasi 15 menit ke stasiun depok lama,0,2,1,1,98,40,380000000
Rumah gaya bali mewah menarik 2 lantai lokasi 5 menit ke tol cibubur,0,2,1,0,52,30,250000000
Hunian Minimalis 2 Lantai Lokasi Strategis 7 Menit Ke Stasiun Depok Lama,0,3,2,0,90,120,525000000
Rumah Cluster Design Minimalis Lokasi 15 Menit Ke Stasiun Depok Lama,2,2,1,1,70,43,599000000
Cluster Ekslusive 2 Lantai Gaya Bali Fasilitas Lengkap Lokasi 5 Menit Ke Tol Cijago,2,2,2,1,105,80,600000000
RUMAH FULL BANGUNAN ELYSIUM LIPPO CIKARANG,0,2,1,0,72,50,305000000
RUMAH BU SIAP HUNI 2 LANTAI POSISI HOOK FLORENCIA LIPPO CIKARANG,0,3,3,1,77,65,1300000000
Limited Stock Rumah baru di Cluster Florence Residence Antapani,0,3,3,2,120,83,1200000000
Permata Cimahi Jl Safir Dekat Patung Kuda Harus Segera Balik Nama Nich,0,3,2,1,100,100,2540000000
PERUMAHAN GRAHAYANA KARAWANG TYPE ASWANA 2 LANTAI ,0,2,1,1,50,36,180000000
"Rumah Minimalis Posisi Hook, Full Furnished Dengan View Gunung Pancar, Sentul City - Bogor",0,3,2,1,120,80,562000000
Cluster mewah desain menarik lingkungan nyaman lokasi 7 menit ke RS Citra medika,0,3,3,2,100,120,1750000000
Rumah Murah Hitung Tanah Setra Sari Sawah Kurung,0,4,3,1,119,125,1690000000
Rumah Baru Siap Huni 5 Kamar di Turangga  Bandung,0,3,2,1,109,87,1150000000
"Rumah MURAH Tanah LUAS Pusat Kota
Harga Dibawah NJOP!
1.7M! Siapa Cepat Dapat!
Cocok U/Rumah, Toko Atau Siap U/Dibangun Kos2xan

SHM
Lt.229m2
Lb.167m2",0,2,2,1,120,50,745000000
Dijual Rumah Di Villa Mutiara Gading 1,0,2,2,0,70,50,300000000
Rumah design milenial konsep rumah sehat 1 dan 2 lantai,3,2,1,0,72,48,42200000
Rumah baru indent -+6 bulan custem dekat pintu toll,8,3,2,1,80,70,435000000
"Rumah Persada Kemala termurah, beli harga tanah bonus bangunan",0,3,2,0,150,150,2250000000
"Gading Regency Puteraco termurah, Soekarno Hatta - hitung harga tanah",0,4,4,0,220,250,2950000000
"Rumah Cluster Furnished Mewah di Galaxy, Bekasi",3,2,1,1,72,36,390000000
Rumah Villa Siap Huni dan Asri di Megamendung Puncak Bogor,8,3,2,0,54,52,785000000
Rumah Nuansa Bali di Depok potongan 100 juta! 15 menit Stasiun Depok Lama! SHM,8,4,3,2,120,160,1970000000
Modal 500 rb dapat rumah dan banyak hadiah! Nanggawer Pakansari! SHM,8,1,1,1,115,100,1900000000
10 menit stasiun citayam rumah sejuk potongan 100 juta! SHM,2,3,3,1,72,70,1350000000
RUMAH BARU ! MEKARWANGI ! AKSES MUDAH ! LOKASI DEKAT PINTU UTAMA,3,3,3,1,84,121,1810000000
DI BAWAH APRAISAL BANK ! RUMAH SIAP HUNI ! MURAHHH !,8,3,3,1,90,106,1260000000
"Rumah Cantik Semifurnish 4KT di Kemang I, Kemang Pratama Bekasi",8,3,4,2,100,140,1650000000
Cepat Rumah Second Kokoh dan Terawat Dalam Komplek Cinere 5 Menit Ke Toll Brigif,8,2,1,0,40,35,140000000
"Hunian Mewah bebas banjir cukup Bayar Uang Muka 10juta, Rumah Ready, Free all Biaya",6,2,1,1,45,105,909000000
Rumah Cantik Sudah Baring Kusen Almunium Siap Huni,0,2,1,1,147,55,1250000000
"Rumah Baru Cantik Paling Murah Pisan Aman Nyaman Lokasi Bebas banjir Kawasan Strategis sekitar Buah batu, Bandung Tengah dekat batununggal, turangga",0,3,2,1,73,71,1100000000
Jual Rumah Komplek Sauyunan Cibaduyut Jarang Ada,6,4,3,1,134,230,2500000000
Rumah Murah Subsidi Strategis dekat St.Cikarang Bekasi,0,4,3,2,129,185,3450000000
Dijual Rumah Hoek Turangga Hitung tanah Rmh Layak Huni,0,3,3,2,130,150,2300000000
Rumah Baru Taman Anggrek SEBELAH FESTIVAL CITYLINK,3,2,1,1,69,36,425000000
Di Jual Cepat Rumah di Bukit Cimanggu City Bogor,0,3,3,0,105,156,2550000000
Rumah Cantik Bebas Banjir (Cash),8,2,2,1,67,55,702000000
Di  Rumah 850 JT (Nego) Strategis Akses Toll,2,3,2,1,77,66,1350000000
Rumah Murah Strategis Di Cikarang 20 Menit dari Stasiun Cikarang,0,2,1,1,72,40,451000000
Rumah Fully Furnished di Biduri Residence Jatisampurna Bekasi,0,2,1,1,70,50,165000000
cepat rumah termurah di cluster taman sari harapan indah Bekasi,2,2,1,0,120,80,350000000
Rumah Siap Huni Termurah di Cluster Adara Harapan Indah Bekasi,0,2,1,0,50,30,200000000
Rumah Siap Huni di Cluster Taman Cemara Harapan Indah Bekasi,0,3,1,0,70,50,200000000
cepat rumah hook  termurah di cluster harmoni harapan indah Bekasi,0,3,1,0,74,50,230000000
cepat rumah hook termurah di cluster aralia harapan indah Bekasi,0,2,1,0,50,36,169000000
Rumah di Cluster Heliconia Harapan Indah bekasi,0,3,2,0,120,70,380000000
cepat rumah siap huni di sakura residance Jatiasih Bekasi,0,2,1,1,70,50,249000000
Rumah Termurah di Kemang Pratama Bekasi,0,2,1,1,80,50,249000000
Rumah dalam Cluster di Perumahan Narawangsa Jatiwaringin Bekasi,0,3,2,0,120,76,400000000
cepat rumah minimalis siap huni di cluster aralia harapan indah Bekasi,6,3,2,0,103,146,1950000000
"Rumah Murah di Cluster Jingganagara, kota baru parahyangan, bandung",8,2,1,1,84,36,346000000
"Rumah Minimalis Modern di Tatar Mayang Sunda, Kota Baru Parahyangan, Bandung",2,2,2,2,270,100,1400000000
Rumah Nyaman Ekslusif 1 Menit Ke Tol Kukusan Beji Depok,3,2,1,1,91,70,800000000
"Rumah Full furnished, cluster cipaku, bandung, siap huni, lingkungan nyaman",0,3,2,2,112,100,1500000000
"Rumah Baru , siap huni, minimalis cantik, lingkungan mewah",6,3,2,1,120,76,1090000000
"Sentul City, Bogor",8,3,2,2,250,150,1570000000
"Sentul City, Bogor",2,2,1,0,75,42,452000000
Rumah murah,2,3,2,1,160,125,1750000000
Rumah Cluster Siap Huni Di Sawangan Depok Dekat Dengan Pintu Tol,2,2,1,1,112,112,1000000000
Gudang untuk Home Industri di Kopo Permai,8,4,3,1,180,120,1800000000
"Rumah 1,5 lantai akses jl dalam prumahan lebar row 7 mtran ada  parkiran tamu security 24 jam",0,3,2,1,147,113,750000000
Rumah ASRI BAGUS KOKOH LUAS MURAH siap huni dlm Perumahan Elit di Jati Asih  Bekasi,3,2,1,0,61,48,350000000
"Rumah baru bata merah siap huni, strategis dkt ke Galaxy Pekayon Bekasi Selatan",8,3,2,1,72,90,700000000
Rumh BAGUS FURNISHED STRATEGIS di Kemang Pratama Pekayon dkt Galaxy Bekasi,8,2,1,1,60,36,375000000
Rumah BARU LUAS MURAH di Kodau Jatimekar dkt Ratna JatiBening Bekasi,0,2,1,1,70,45,155000000
Di Jual Villa (Rumah Tinggal) ,0,2,1,0,60,40,150000000
Rumah gaya Bali dekat pintu Tol Desari Sawangan dan stasiun Akses jalan lebar,0,2,1,0,42,30,150000000
Rumah Sayap Ciateul Lama Lokasi Strategis Pusat Kota,3,2,1,1,120,26,268000000
Rumah Asri dan Nyaman,3,2,1,1,72,36,374000000
Rumah terawat mitra Dago Antapani Bandung,0,3,2,0,100,80,480000000
"Rumah Sayap Srimahi, Moh Ramdan, BKR Strategis dekat jalan utama",0,2,1,0,70,50,280000000
RUMAH KONTRAKAN 2 LANTAI 16 UNIT LOKASI PREMIUM DEKAT KAWASAN INDUSTRI MENARA PERMAI,0,3,1,0,70,50,300000000
Rumah Murah di Cibubur Perbatesan Jakarta Timur dan Depok,0,3,2,1,120,80,450000000
Rumah Nyaman Siap Huni di Pancoran Mas Depok (5 Menit Ke Tol Desari),8,3,2,0,105,150,1650000000
RUMAH MURAH MINIMALIS DI UJUNG BERUNG,0,4,3,0,180,150,2750000000
Rumah 2 lantai 3 k.tdr siap huni di Cihanjuang Cimahi dekat ke sariwangi ciwaruga pasteur bandung,0,3,3,2,157,180,3250000000
RUMAH BARU MINIMALIS DI CIPAGERAN KARYA BAKTI,0,4,3,1,148,200,1750000000
rumah mewah cantik plus kolam renang,3,2,1,1,126,60,950000000
Rumah cantik siap huni di cibubur,0,4,6,2,240,300,2800000000
"Cluster Exclusif Bojong Kulur Bebas Banjir, One gate Sistem. Full Bata Merah. High Spek",2,3,3,1,94,135,1100000000
GRIYA DEPOK ASRI Fasilitas Umum Lengkap Rumah LUAS Nyaman STRATEGIS Di Depok 2 Tengah SUKMAJAYA,2,4,3,1,131,225,1600000000
The Promenade @ PHR- Prestigious and Quality Living  - 5 Minute to Summerecon Mall Bekasi,2,2,2,0,216,300,3200000000
Rumah Bersertifikat Murah dengan Lingkungan Nyaman di Sentul City,0,2,1,0,104,30,398000000
Rumah Minimalis Bersertifikat 2 Lantai di Sentul City,0,1,1,0,104,21,462000000
Rumah BARU SIAP HUNI Minimalis STRATEGIS Di TANAH BARU Depok Dekat Perbatasan Jagakarsa Jakarta,0,2,1,1,150,45,1050000000
Rumah BAGUS Minimalis STRATEGIS Dalam CLUSTER Nyaman Di KELAPA DUA Cimanggis Depok Siap Huni,8,2,1,1,65,40,525000000
"Rumah Cantik dan Office Dengan Harga Fantastis, Komp Bukit Ligar ~ Dago, Bandung Utara (LCY) (18)",8,2,1,1,75,45,600000000
RUMAH ASRI DI PARAKAN MAS INDAH BANDUNG (ROWO) (16),8,2,1,1,44,30,200000000
EMILY CLUSTER TYPE ELORAKONSEP RUMAH ADEM & SUASANA HIJAU VIEW DANAUDI SUMMARECON BANDUNG (ROWO) (36),3,2,1,1,60,36,245000000
RUMAH SIAP HUNI TAMAN BUKIT LAGADAR BANDUNG (ROWO) (36),8,2,1,1,70,45,300000000
Rinjani Rumah tinggal Nuansa Resort Bogor,12,2,1,1,60,30,150000000
Kerinci  Rumah Rasa Villa di Cikeas cibubur,2,3,3,1,144,157,2200000000
Rumah Cantik Halaman Luas di Dalam Komplek Setra Dago Antapani Kota Bandung,2,4,2,1,128,175,1050000000
Rumah  Mewah di jalan utama pasir putih akses 2 mobil (Shm) M.d,0,2,1,0,70,50,311000000
Rumah mewah andir di bandung kota dekat bandara dan rumah sakit,3,4,3,1,180,160,2000000000
Cukup DP 10 Juta untuk 5 unit pertama jalan radar auri cimanggis  Depok,2,3,2,2,99,88,1400000000
Rumah cantik diPondok ungu permai sektor v,2,4,3,2,154,125,2400000000
Rumah cantik harga menarik diharapan indah ,0,2,2,1,72,55,579000000
Rumah minimalis harga manis diperum harapan indah,0,4,3,2,100,150,1750000000
Cari Rumah Mewah di Depok Kawasan Elit Bisa KPR Syariah,10,2,1,0,100,60,700000000
Rumah BAGUS LUAS STRATEGIS Dekat Pintu TOL Desari & Mall DTC Samping Perumahan Maharaja Panmas Depok,10,3,2,1,91,88,900000000
PROMO DP 5JT All In Serpong Garden Village - Hunian Asri Berkualitas ,0,2,1,1,50,30,190000000
Promo DP 0% Golden Cikeas Home Like Living in Villa,0,2,1,1,36,50,165000000
Rumah konsep rumah sehat 7 menit kestasiun 2 menit keangkutan umum,5,3,3,0,105,77,1200000000
Rumah cluster cantik fasilitas lengkap harga ekonomis lokasi dekat RS Citra Medika dan Alun-Alun Kota Depok,5,3,3,1,83,67,900000000
Cluster 2 Lantai Exclusive ALA Scandinavian Lokasi 15 Menit Ke Stasiun Depok Lama,0,4,2,0,91,140,1350000000
Cluster Citra Indah City,2,2,1,0,72,45,350000000
PERUMAHAN MEWAH EKSKLUSIF PINGGIR JALAN UTAMA CIWASTRA KOTA BANDUNG,2,2,1,1,72,36,375000000
Pretigious Living Close Summarecon Mall Bekasi - The Promenade,8,3,3,0,127,90,1400000000
DP 5Jt All In GOLDEN Karawang- 45 HA The Biggest Natural Garden,2,3,2,2,240,180,2500000000
Villa mega indah estate,2,3,3,0,242,220,3300000000
Rumah Baru Cipayung Dijual Cepat Murah,10,2,2,1,91,81,1260000000
Promo Dasyat DP 0% Excellent Living Grand Duta City Kota Mandiri 100ha,2,3,2,1,100,150,1300000000
(06AS) BAGUS NIH ! BURUAN SURVEY YUK UNITNYA RUMAH ASRI DI AREA SUMBERSARI BANDUNG,2,3,2,1,94,117,900000000
PROMO DP 0% Cluster Paris Taman Puri Cendana Quality Famaly Living,0,3,2,1,150,120,1100000000
Promo Dasyat DP 0% Grand Duta City Bekasi - 200Ha Modern Township,3,2,1,0,84,36,650000000
PROMO DP 5Jt All in Golden Karawang City - The Biggest Natural Livinh,0,4,4,0,134,126,1500000000
Rumah Siap Huni Bebas Banjir Free Kitchen Set Dicitayam,2,3,2,0,60,60,730000000
(06AS) DUDU RUMAH MENGGEMASKAN BIKIN JATUH CINTA SIAP DI HUNI SUASANA NYAMAN DI AREA TUBAGUS ISMAIL BANDUNG,0,3,2,1,151,250,1750000000
(06AS) HUNIAN KLASIK BERSIH TERAWAT DI LINGKUNGAN ASRI AREA KOTA CIMAHI,3,3,2,1,108,162,950000000
JUAL RUMAH DESAIN SCANDINAVIAN BISA KPR HARGA MURAH DI MUTIARA GADING TIMUR KOTA BEKASI,0,2,2,0,70,55,550000000
BANAYAK BONUSNYA!!! Rumah syariah Dekat ke Kampus UPI Cibiru,0,4,4,1,150,170,2570000000
BEST PRICE ! RUMAH SIAP HUNI GEGERKALONG,10,2,1,1,66,35,531000000
RUMAH SUBSIDI TERBAIK DI KARAWANG TANPA DP,8,2,2,1,36,36,377000000
Rumah Nyaman ASRI KOMPLEK JALAN LEBAR STRATEGIS Jl Karya Bakti TANAH BARU Beji Depok Perbatasan Jakarta,3,2,1,1,60,36,350000000
Rumah 2 lantai siap huni strategis di Arcamanik antapani kota bandung ,3,2,1,0,105,50,785000000
Spesial Promo DP 0% The Mansion Bekasi Modern Luxury House,3,2,1,0,180,100,1700000000
Dijual Rumah 2 lantai di Padasuka,3,3,2,1,70,55,800000000
Turun harga! Dijual rumah minimalis 2 lantai di Arcamanik ke toserba Griya bisa jalan kaki ,0,3,2,0,76,237,2650000000
Rumah Minimalis View Pegunungan Sentul City Bogor,8,4,2,0,150,100,1400000000
Jarang ada rumah harga manis di cluster Margahayu Raya,0,4,2,0,253,175,3300000000
"Dijual / Disewakan Rumah KBP
Tatar Simakirana
(Depan Taman )",0,2,2,1,152,50,975000000
"Rumah 2 Lantai Cilodong Depok Dekat GDC, 5 Menit ke Jalan Raya Akses Tol, Stasiun",0,2,1,1,80,48,440000000
Rumah Luas Siap Huni akses jalan besar dekat stasiun dan alun alun Depok,0,2,1,1,100,45,695000000
Rumah 2 Lantai Depok Dekat Jalan Raya Pengasinan Siap Huni,1,3,3,0,96,80,995000000
Rumah Cantik Depok Nuansa Bali Hanya 10 Tol Jorr Desari Dekat Jakarta Selatan,3,3,3,2,150,100,1400000000
Cluster di Pusat Kota Depok Haneen Residence,3,3,2,0,37,50,395000000
Rumah ready DP 0% cukup bayar boking 5 juta a.iin,0,3,2,0,45,60,1310000000
Perumahan tambun Utara Bekasi ,0,3,2,0,45,60,1330000000
Rumah Cluster Asera One South Harapan Indah Bekasi,0,3,2,0,70,50,245000000
Rumah Dalam Cluster Heliconia Harapan Indah Bekasi,0,4,3,1,66,104,1420000000
Cepat Rumah Full Furnish Cluster Asia Tropis Harapan Indah,3,3,3,0,120,180,950000000
Rumah 2 Lantai Alexandria Premiere Dekat Exit Tol Cimanggis Tapos Depok,2,2,1,1,72,47,460000000
Rumah 2 Lantai Alexandria Premiere Dekat Tol Cimanggis Cibubur Tapos Depok,0,4,2,0,126,160,2000000000
Rumah tambun luas 75 meter,3,3,2,0,80,45,560000000
rumah cash keras bebas banjir,8,2,1,1,60,36,350000000
RUMAH SUBSIDI BERKUALITAS DI TIMUR CIBUBUR,0,3,2,0,100,70,382000000
Jual rumah di kota baru parahyangan,0,2,1,0,40,30,166000000
Villa Citra Bantarjati Jl Anggrek ,0,2,1,1,60,40,221000000
KBP Nayapati,0,2,1,1,55,36,135000000
"Rumah 2 Lantai Cibubur Depok Gaya Bali Dekat Tol, Cibubur, Depok",8,3,2,2,71,61,870000000
Rumah Depok Pekapuran 2 Lantai Skandinavian Akses ke 2 Tol Cimanggis dan Cijago,8,2,2,2,51,60,749000000
"Rumah baru siap huni! Cuma 1unit buruan, SHM+IMB, Komplek Deppen HBTB dekat ke Stasiun Lrt Cibubur",8,2,2,2,63,51,747000000
Rumah cantik siap huni di aquatic garden,8,4,3,0,180,120,1700000000
Rumah bagus dan cantik di garden fiesta,8,2,1,1,77,40,500000000
Rumah Krem Suasana Lingkungan Adem Hanya ada di Pondok Ungu dekat Harapan Indah,0,1,3,0,181,300,1500000000
Rumah 2 lantai Harga Super Terjangkau dekat ke Bekasi Kota ,8,2,1,0,55,36,230000000
Rumah 3 Lantai View Danau Dekat Pintu Tol Bekasi,8,2,1,0,60,36,250000000
Cluster 2 Lantai Bekasi Kota Strategis Dekat Stasiun Dan Tol,8,2,1,1,82,38,494000000
FOR SALE !!! RUMAH USAHA MAINROAD ANTAPANI RAYA,3,3,2,0,96,70,750000000
Lokasi Strategis Tipe Shibuya di Mustika Village Sukamulya,0,3,2,0,220,110,2500000000
Kondisi Baik Tipe Uptown Residence di Uptown Estate,0,2,2,1,62,117,1690000000
Cluster Fashagriya di Podomoro Park Bandung Terfavorit,2,2,1,0,60,36,450000000
Siapa Cepat Dia Dapat....Rmh cantik siap huni,2,2,1,0,90,66,1100000000
RUMAH SIAP HUNI + KOLAM RENANG AREA DEPAN SENTUL CITY,2,2,1,0,73,45,500000000
[Proses Renovasi] Rumah idaman murah dan strategis siap huni,2,3,3,2,217,250,3500000000
Siap huni ready stok blok f,2,2,1,1,90,70,890000000
Rumah idaman keluarga,8,4,2,1,233,200,2200000000
Promo diskon,0,2,1,1,60,40,165000000
rumah cantik minimalis,8,3,3,2,84,75,1260000000
"Hunian Scandanavian Cantik Di Kavling Kelapa Dua Padurenan, Mustika Jaya - Bekasi",2,2,2,2,65,53,700000000
RUMAH MINIMALIS MURAH.ARCAMANIK,2,2,2,1,60,51,900000000
Rumah Cimahi  murah,3,2,1,1,66,37,230000000
murah rumah di batununggal bandung,0,3,2,0,120,76,528000000
RUMAH ANTAPANI,0,4,2,0,105,150,1250000000
RUMAH PODO MORO PARK. BUAH BATU,8,2,1,2,100,45,750000000
Jual murah rumah di kota baru parahyangan bandung,3,2,1,0,90,45,780000000
"Rumah ala pedesaan yang sejuk tanpa depe banyak hadiah! Pabuaran, Depok! SHM",8,3,2,1,76,66,802000000
Potongan 100 juta rumah ala jepang! Belakang lotte mart Pakansari! SHM,8,2,1,1,90,55,720000000
Rumah pinggir jalan raya cuma modal 500 ribu! 15 menit stasiun Citayam! SHM,8,3,2,1,75,70,800000000
Rumah baru dan mewah harva terjangkau dekat cinere mall,0,3,2,2,61,50,693000000
"Rumah Karya Arsitek, Minimalis Modern! View Bukit & Pegunungan Cigadung Dago",0,3,2,1,80,46,389000000
"Rumah Siap HUNI Bergaya Scandinavian di Lembang Asri, dekat Lembang Part and Zoo",2,3,2,0,128,200,1500000000
